Account_ID,Customer_ID,Branch_ID,Account_Type,Open_Date,Balance,Interest_Rate
1,1,16,Current,2019-01-04,65346,7.49
2,2,7,Savings,2018-04-11,6797,6.71
3,2,13,Savings,2019-06-07,32721,6.55
4,3,19,Savings,2020-03-12,51425,5.53
5,4,5,Savings,2019-04-23,13109,6.67
6,5,8,Fixed,2016-06-17,48081,6.79
7,6,14,Current,2021-03-30,46089,6.6
8,7,16,Current,2019-01-23,50170,6.29
9,8,15,Savings,2018-12-23,25536,7.87
10,8,3,Current,2021-08-17,49067,7.08
11,9,9,Savings,2017-02-07,12244,4.71
12,10,2,Fixed,2018-03-31,49216,6.0
13,11,9,Current,2023-08-31,45154,9.07
14,12,20,Savings,2024-01-12,26987,8.44
15,12,1,Current,2019-02-28,36227,8.93
16,13,13,Fixed,2023-05-08,54928,4.07
17,13,5,Current,2018-07-21,69193,5.36
18,14,16,Savings,2021-10-13,29508,7.52
19,15,15,Current,2016-12-17,63438,5.88
20,16,14,Fixed,2020-09-06,26621,5.26
21,17,18,Savings,2020-03-14,60978,4.83
22,18,10,Fixed,2016-02-09,18822,7.0
23,19,11,Savings,2020-09-12,48486,6.55
24,20,18,Current,2019-08-28,54870,7.52
25,21,5,Savings,2019-09-14,6221,7.41
26,22,13,Savings,2020-05-19,53234,4.38
27,23,7,Current,2017-03-20,52650,5.97
28,24,10,Savings,2017-12-03,61183,4.63
29,25,2,Fixed,2022-10-07,25283,6.93
30,26,7,Savings,2020-04-29,26470,5.7
31,26,10,Fixed,2021-11-17,32544,4.42
32,27,12,Fixed,2016-02-15,9530,5.03
33,28,13,Savings,2017-03-29,55852,4.77
34,29,16,Fixed,2016-10-08,56842,6.33
35,30,5,Savings,2019-06-22,29063,6.59
36,31,6,Fixed,2022-06-13,64230,9.63
37,32,17,Fixed,2023-09-06,28604,6.75
38,33,1,Savings,2020-12-30,28437,4.38
39,34,20,Savings,2021-11-23,54328,5.97
40,34,15,Current,2022-06-17,66350,4.23
41,35,10,Fixed,2021-02-12,13941,6.08
42,35,13,Fixed,2017-12-18,40987,6.49
43,36,20,Fixed,2020-11-04,25537,6.75
44,36,19,Savings,2020-05-30,26044,8.19
45,37,8,Savings,2019-01-26,7723,9.3
46,38,3,Fixed,2024-02-23,40258,8.33
47,39,16,Current,2022-03-14,30476,4.73
48,40,3,Savings,2021-08-28,50330,8.6
49,41,14,Current,2017-11-06,44731,5.52
50,42,2,Current,2016-04-19,68330,4.44
51,43,13,Current,2020-06-23,62542,9.13
52,44,2,Savings,2018-10-23,53992,4.69
53,44,11,Fixed,2021-03-16,19888,6.91
54,45,3,Fixed,2023-05-15,10943,5.45
55,46,5,Current,2019-02-17,59373,9.05
56,47,1,Fixed,2017-02-15,24359,5.06
57,48,18,Fixed,2020-05-19,18272,5.01
58,49,9,Savings,2020-12-09,3469,6.15
59,50,2,Fixed,2021-12-20,30399,5.3
60,51,17,Fixed,2023-06-06,8259,8.3
61,51,13,Fixed,2019-06-16,15473,6.66
62,52,2,Current,2018-04-06,2611,9.57
63,52,8,Savings,2017-01-09,51105,4.1
64,53,1,Current,2018-02-26,5662,8.08
65,53,8,Savings,2023-06-13,10280,5.01
66,54,2,Current,2021-09-30,23895,4.65
67,54,11,Fixed,2023-01-11,44879,5.14
68,55,18,Current,2020-10-18,29147,4.72
69,56,4,Current,2019-08-17,30020,5.04
70,56,11,Savings,2020-05-13,54709,5.28
71,57,3,Fixed,2019-02-14,30848,7.9
72,58,2,Savings,2018-06-14,50362,6.47
73,59,4,Fixed,2022-01-05,67480,8.75
74,60,9,Savings,2022-09-23,24473,5.95
75,61,5,Current,2017-12-19,52930,7.81
76,62,16,Savings,2019-10-04,43676,4.11
77,63,13,Fixed,2023-03-08,60839,8.45
78,63,19,Fixed,2016-02-24,67984,5.4
79,64,10,Savings,2020-10-21,18260,8.54
80,65,2,Savings,2020-03-14,12405,6.99
81,66,5,Current,2018-04-17,28478,7.85
82,67,20,Current,2019-09-08,33203,4.81
83,68,2,Fixed,2020-08-26,43620,7.89
84,68,1,Savings,2019-09-18,39808,6.06
85,69,18,Savings,2023-06-16,28976,9.93
86,70,20,Current,2021-11-05,31156,5.93
87,70,1,Savings,2021-07-06,59981,4.42
88,71,2,Fixed,2017-08-02,27226,9.63
89,71,3,Savings,2022-08-24,18457,7.29
90,72,8,Fixed,2016-11-16,28787,6.56
91,73,10,Savings,2024-02-03,63220,5.19
92,74,6,Fixed,2018-10-16,57576,5.82
93,74,7,Current,2021-05-24,60755,4.48
94,75,13,Current,2017-11-18,49131,6.82
95,76,17,Fixed,2020-11-10,57403,8.56
96,77,1,Current,2020-10-16,65176,9.12
97,77,20,Fixed,2017-09-17,41351,7.32
98,78,9,Current,2021-03-14,25029,5.84
99,79,13,Fixed,2022-10-18,39122,6.89
100,80,5,Fixed,2021-04-06,45677,5.17
101,81,1,Savings,2021-08-12,26854,8.38
102,81,16,Current,2020-08-30,51054,9.64
103,82,13,Current,2019-06-14,50908,7.85
104,83,14,Savings,2017-05-24,11336,6.31
105,84,7,Current,2018-11-11,23281,8.63
106,85,17,Fixed,2021-06-24,47688,7.81
107,86,2,Fixed,2020-04-27,50258,9.56
108,87,8,Current,2016-05-21,34347,9.53
109,88,1,Fixed,2023-06-19,49371,7.87
110,89,20,Current,2023-08-21,36253,4.88
111,89,20,Fixed,2023-06-07,34429,9.05
112,90,4,Savings,2023-03-24,3617,8.27
113,91,13,Fixed,2022-07-28,52377,9.84
114,92,17,Savings,2020-09-28,12531,4.99
115,93,9,Fixed,2019-05-22,57950,7.0
116,93,19,Current,2020-08-12,52172,8.51
117,94,4,Fixed,2022-06-03,13648,8.66
118,95,5,Current,2018-05-08,47140,9.58
119,95,10,Savings,2017-11-20,54162,8.9
120,96,4,Savings,2023-10-23,2206,6.51
121,97,10,Fixed,2020-10-31,56636,5.02
122,98,6,Fixed,2017-07-04,51106,5.19
123,99,17,Savings,2021-01-19,25853,7.4
124,100,6,Savings,2016-08-29,29862,8.5
125,101,9,Current,2020-12-10,27150,7.76
126,102,6,Savings,2019-04-15,16312,4.51
127,103,9,Savings,2019-11-02,18342,4.18
128,104,16,Current,2023-07-18,32773,8.56
129,105,2,Current,2016-01-30,3246,7.99
130,105,4,Savings,2021-11-09,7486,8.75
131,106,20,Fixed,2018-12-24,51239,9.59
132,107,11,Fixed,2020-10-25,64027,6.02
133,108,11,Savings,2020-01-19,46967,7.99
134,108,20,Savings,2019-12-29,51602,9.24
135,109,1,Current,2023-10-31,15130,6.41
136,110,1,Fixed,2017-05-18,20201,9.21
137,111,8,Current,2021-01-25,38630,7.71
138,112,17,Current,2023-05-28,64285,5.13
139,113,1,Fixed,2020-01-15,44229,9.24
140,113,15,Savings,2022-10-21,44667,6.91
141,114,12,Current,2021-05-04,12665,9.92
142,114,13,Current,2022-10-22,15166,5.17
143,115,17,Fixed,2024-01-14,20764,7.03
144,116,16,Savings,2019-05-19,18759,8.99
145,116,6,Current,2017-04-18,63184,6.89
146,117,8,Savings,2017-11-29,33575,8.52
147,117,4,Current,2024-01-10,13722,4.18
148,118,13,Current,2018-06-21,44795,8.32
149,119,4,Fixed,2017-07-10,64429,9.54
150,119,3,Fixed,2019-09-25,66482,9.23
151,120,11,Current,2024-01-17,10476,8.46
152,121,18,Current,2018-08-13,52023,5.34
153,121,10,Savings,2017-04-01,17163,4.53
154,122,4,Fixed,2020-02-15,26662,4.76
155,122,13,Fixed,2016-01-07,43074,5.86
156,123,13,Current,2019-08-02,26885,8.63
157,124,17,Fixed,2022-09-30,18555,7.54
158,125,13,Savings,2022-01-13,15970,9.11
159,126,5,Current,2018-06-15,43409,7.0
160,127,5,Fixed,2019-03-06,61740,4.88
161,127,20,Current,2019-06-19,6501,7.01
162,128,9,Fixed,2022-06-08,18182,6.87
163,128,16,Current,2023-11-24,30272,9.8
164,129,11,Savings,2024-01-14,9708,5.26
165,130,2,Savings,2021-06-19,31500,8.36
166,131,6,Savings,2022-02-22,41203,6.35
167,132,16,Current,2020-05-22,57369,6.35
168,133,10,Fixed,2018-03-10,39098,8.21
169,134,4,Savings,2019-08-17,53612,8.51
170,135,10,Current,2023-05-05,9094,4.98
171,135,15,Fixed,2021-05-30,20030,5.75
172,136,7,Savings,2018-03-12,20982,8.41
173,137,12,Fixed,2022-06-15,3197,4.61
174,138,13,Current,2023-08-15,21346,9.05
175,139,4,Current,2021-04-24,9383,5.08
176,140,4,Fixed,2023-04-16,8877,6.03
177,140,5,Fixed,2024-02-07,58861,6.42
178,141,4,Savings,2020-06-12,6455,6.93
179,141,13,Fixed,2023-07-10,24608,7.95
180,142,13,Current,2023-02-03,62774,7.92
181,143,1,Savings,2017-04-22,50145,4.5
182,144,17,Savings,2016-04-04,66122,7.52
183,145,9,Fixed,2017-01-22,64848,8.77
184,146,13,Current,2023-03-25,25736,8.22
185,147,19,Savings,2017-02-11,41107,5.95
186,148,13,Fixed,2016-03-21,26233,6.36
187,149,3,Fixed,2022-07-23,66036,7.23
188,150,7,Fixed,2017-04-25,18264,5.08
189,151,1,Fixed,2021-01-05,25584,8.8
190,151,2,Savings,2022-06-13,18127,5.24
191,152,3,Fixed,2018-11-17,23130,9.11
192,153,3,Savings,2021-09-04,6588,5.79
193,154,14,Fixed,2016-01-01,24492,5.49
194,155,17,Current,2023-05-23,8051,7.2
195,155,19,Current,2023-10-18,20331,5.88
196,156,20,Fixed,2021-09-22,48152,5.26
197,157,2,Savings,2016-05-30,14977,5.13
198,158,7,Savings,2022-10-02,41283,7.31
199,158,9,Savings,2024-03-05,49063,7.73
200,159,18,Current,2018-12-03,11746,6.29
201,160,13,Current,2016-12-07,23406,9.67
202,161,5,Fixed,2018-04-14,57750,4.42
203,162,7,Fixed,2020-03-04,37310,7.38
204,163,20,Savings,2020-09-15,69033,8.93
205,164,14,Current,2016-04-16,43465,9.78
206,165,3,Current,2017-05-25,34440,7.19
207,166,3,Current,2023-03-07,55317,4.53
208,166,9,Savings,2018-07-13,45714,5.64
209,167,13,Savings,2020-03-30,14838,9.71
210,168,6,Fixed,2024-03-02,18187,9.25
211,169,4,Fixed,2019-11-30,66175,8.2
212,170,18,Current,2022-10-24,38961,4.59
213,171,6,Current,2020-05-14,8286,5.08
214,172,16,Fixed,2017-06-06,54776,5.55
215,173,5,Fixed,2017-06-01,69314,4.86
216,174,2,Fixed,2023-03-03,37044,9.85
217,175,20,Current,2023-12-04,34651,6.75
218,176,12,Current,2021-08-19,59535,5.72
219,177,17,Fixed,2018-07-26,58068,5.83
220,178,10,Current,2019-07-04,13395,9.07
221,179,3,Fixed,2018-09-10,12416,9.67
222,179,19,Savings,2016-12-12,23641,8.46
223,180,1,Current,2023-08-05,66598,7.05
224,181,16,Current,2021-10-10,19881,8.11
225,182,13,Savings,2022-11-29,18343,5.14
226,183,14,Fixed,2021-12-28,2955,8.5
227,183,17,Fixed,2022-10-31,34011,4.25
228,184,6,Fixed,2021-11-14,60805,9.42
229,184,3,Current,2017-06-30,24913,7.08
230,185,14,Current,2020-04-01,8672,5.02
231,186,11,Fixed,2018-10-20,16841,8.99
232,187,10,Current,2021-06-01,17448,5.76
233,187,1,Fixed,2023-01-29,29926,7.41
234,188,10,Fixed,2021-10-12,30503,8.95
235,189,15,Fixed,2021-06-22,6643,4.34
236,190,20,Current,2019-09-07,2772,5.79
237,191,1,Current,2024-02-07,16046,5.12
238,192,1,Savings,2020-10-30,48469,6.95
239,192,17,Fixed,2017-09-21,13107,6.46
240,193,1,Savings,2023-05-13,65886,5.5
241,193,13,Current,2019-05-10,63695,6.19
242,194,18,Current,2017-03-21,25878,9.94
243,195,6,Savings,2019-12-19,59587,8.48
244,196,12,Fixed,2018-03-23,2761,4.66
245,197,2,Savings,2020-06-04,39342,6.53
246,198,2,Savings,2023-06-21,45412,5.19
247,198,9,Savings,2020-09-20,64822,6.93
248,199,5,Current,2020-06-25,66955,7.01
249,199,5,Savings,2017-03-17,52967,8.76
250,200,5,Current,2021-08-10,18531,4.08
251,200,2,Fixed,2019-11-02,32999,6.58
252,201,14,Current,2019-03-31,3052,5.69
253,202,14,Savings,2022-12-04,12828,4.91
254,203,6,Savings,2019-02-25,69009,8.6
255,204,8,Fixed,2020-10-23,36541,5.19
256,204,17,Fixed,2018-01-12,15508,5.13
257,205,8,Savings,2017-06-25,21493,6.41
258,206,7,Savings,2020-10-12,37895,4.11
259,207,3,Savings,2020-04-06,28167,6.44
260,208,8,Savings,2019-10-08,42166,6.56
261,209,17,Current,2023-03-22,10041,4.31
262,210,9,Current,2019-02-23,16425,9.66
263,211,8,Current,2016-07-13,56797,5.09
264,212,2,Fixed,2019-08-10,2070,5.27
265,213,9,Fixed,2017-02-16,63873,6.59
266,214,16,Current,2019-10-01,35064,5.83
267,215,1,Fixed,2022-03-10,14699,8.62
268,216,11,Current,2020-01-20,19079,8.46
269,217,8,Fixed,2019-02-04,50705,5.26
270,218,3,Savings,2017-06-18,52338,7.78
271,219,2,Fixed,2023-05-04,17775,8.9
272,220,15,Savings,2016-11-02,27287,9.65
273,220,10,Fixed,2021-04-26,46944,9.94
274,221,18,Fixed,2017-09-21,28476,4.26
275,222,14,Fixed,2023-12-24,27127,5.52
276,223,12,Current,2023-01-23,47526,8.3
277,224,3,Current,2020-09-12,59163,7.14
278,225,1,Savings,2022-09-20,68043,5.64
279,226,10,Savings,2022-05-08,18899,4.36
280,227,13,Current,2023-09-05,26928,7.19
281,227,3,Savings,2020-11-28,69303,8.5
282,228,18,Current,2020-06-29,52351,7.64
283,229,6,Savings,2017-10-17,29122,7.43
284,229,17,Current,2021-08-25,3161,8.25
285,230,10,Savings,2019-04-28,35925,8.25
286,231,6,Savings,2016-07-05,17611,7.2
287,231,2,Fixed,2017-08-29,40252,9.65
288,232,5,Current,2016-07-30,38406,7.85
289,233,7,Fixed,2017-04-20,34637,4.01
290,234,20,Current,2019-08-22,47542,4.5
291,235,5,Current,2022-11-09,36608,5.77
292,236,1,Current,2018-06-17,9505,8.38
293,237,6,Current,2016-03-05,38659,7.22
294,238,13,Fixed,2018-11-20,15951,9.22
295,239,15,Savings,2019-08-21,29021,5.61
296,240,5,Current,2018-08-07,53834,8.38
297,241,12,Savings,2021-05-16,58872,4.56
298,241,15,Savings,2017-12-22,25791,5.13
299,242,6,Fixed,2019-03-01,66293,4.13
300,242,6,Current,2023-09-16,23354,7.65
301,243,5,Savings,2020-10-12,11103,5.47
302,243,4,Fixed,2021-11-27,54757,4.82
303,244,20,Savings,2020-03-27,3545,6.3
304,245,1,Fixed,2016-06-28,16422,4.79
305,246,9,Savings,2023-01-13,12957,7.6
306,246,4,Fixed,2019-10-18,3231,9.12
307,247,7,Savings,2021-05-21,13136,8.56
308,248,6,Current,2019-09-20,60238,6.87
309,248,2,Fixed,2023-10-05,33956,5.6
310,249,1,Savings,2017-02-25,18131,7.27
311,249,17,Current,2017-08-03,15443,4.01
312,250,1,Savings,2020-10-15,31401,6.31
313,250,10,Savings,2023-09-04,48309,6.31
314,251,16,Savings,2017-03-27,16733,5.35
315,252,12,Savings,2022-11-26,38937,6.0
316,253,3,Savings,2022-10-12,49250,4.91
317,253,17,Current,2022-09-22,58181,5.09
318,254,5,Fixed,2023-09-15,57737,5.81
319,255,12,Savings,2019-01-15,39618,9.5
320,256,9,Fixed,2016-11-08,50380,8.73
321,257,5,Current,2017-08-28,21482,6.34
322,257,3,Savings,2022-06-24,64709,6.56
323,258,5,Savings,2019-08-16,38500,9.97
324,259,13,Current,2019-07-31,25838,6.97
325,260,14,Fixed,2023-02-20,65083,6.0
326,261,13,Current,2022-02-28,34231,6.98
327,262,18,Fixed,2018-07-31,66566,6.31
328,262,17,Fixed,2023-10-11,57291,8.87
329,263,3,Savings,2020-01-21,30748,4.02
330,264,12,Fixed,2021-04-25,4248,9.75
331,265,2,Current,2020-01-18,16438,9.09
332,265,10,Current,2017-08-13,20264,9.01
333,266,8,Savings,2018-07-08,57191,4.34
334,267,4,Fixed,2023-11-23,20061,4.86
335,268,14,Current,2016-08-09,5453,8.21
336,269,16,Fixed,2017-10-09,11669,4.18
337,270,5,Savings,2018-09-30,49873,4.46
338,271,5,Savings,2021-04-08,56590,8.46
339,271,16,Current,2024-02-07,41257,6.02
340,272,10,Savings,2017-09-30,3731,4.36
341,272,20,Savings,2021-08-23,6209,4.96
342,273,14,Fixed,2021-02-03,53955,7.32
343,273,19,Fixed,2019-06-07,35823,8.26
344,274,6,Current,2017-01-11,57531,7.13
345,274,7,Current,2022-12-10,18401,4.34
346,275,6,Fixed,2022-04-09,53418,7.63
347,276,15,Current,2019-07-06,12119,7.92
348,277,13,Savings,2016-08-11,55097,8.82
349,277,7,Current,2017-03-20,57603,4.63
350,278,20,Current,2016-04-24,49540,5.44
351,279,18,Savings,2016-09-24,23333,5.27
352,280,10,Savings,2022-03-09,3438,5.21
353,280,8,Current,2016-12-14,6242,9.86
354,281,19,Current,2016-07-06,7881,4.29
355,281,10,Savings,2019-12-31,14217,8.51
356,282,17,Savings,2019-07-12,54184,8.51
357,283,5,Fixed,2023-07-26,48640,4.58
358,284,17,Savings,2021-08-18,55383,8.84
359,285,1,Fixed,2020-04-14,21685,6.86
360,286,10,Savings,2017-09-12,6903,8.09
361,287,3,Fixed,2018-08-06,12322,9.31
362,288,6,Fixed,2021-10-15,20463,9.95
363,289,15,Savings,2019-10-20,46749,5.75
364,290,2,Fixed,2023-08-29,58479,6.33
365,291,20,Fixed,2016-11-03,29370,9.75
366,292,4,Savings,2017-08-07,67211,8.6
367,293,18,Savings,2021-08-05,42572,4.56
368,293,6,Current,2017-10-23,43119,4.41
369,294,12,Savings,2016-10-18,49622,5.08
370,295,9,Current,2018-11-14,62390,8.58
371,296,5,Savings,2022-05-18,59939,6.93
372,297,10,Current,2020-08-02,49641,9.14
373,297,15,Current,2021-09-30,18906,9.07
374,298,12,Savings,2023-08-26,43110,6.48
375,299,9,Fixed,2016-06-23,60994,7.72
376,300,8,Fixed,2022-04-16,9478,4.05
377,301,10,Current,2017-10-10,15801,7.42
378,302,8,Current,2021-03-08,11565,8.01
379,303,15,Current,2023-03-16,47735,7.21
380,304,4,Savings,2018-01-08,62929,8.39
381,305,14,Savings,2020-07-02,54028,5.97
382,306,11,Fixed,2021-06-14,43587,5.28
383,306,4,Current,2021-02-04,64419,4.23
384,307,16,Savings,2023-03-07,22413,5.28
385,308,20,Current,2016-09-12,6105,9.62
386,309,14,Current,2018-05-24,49381,4.32
387,309,14,Current,2018-10-29,5007,7.81
388,310,5,Savings,2019-01-26,12956,6.43
389,311,15,Current,2021-11-19,41103,5.28
390,312,6,Savings,2017-01-13,36006,9.37
391,313,11,Current,2017-11-04,58168,5.19
392,314,16,Current,2022-01-02,56932,8.13
393,314,14,Current,2023-10-09,23061,7.42
394,315,18,Fixed,2018-03-24,3301,4.47
395,315,11,Fixed,2019-07-20,20955,4.09
396,316,5,Current,2019-07-20,62117,4.68
397,317,9,Fixed,2024-02-06,55265,4.02
398,318,5,Fixed,2021-01-14,61055,7.83
399,319,2,Savings,2018-02-07,14772,6.52
400,320,20,Current,2018-06-04,23771,6.09
401,321,19,Savings,2020-02-25,27055,8.88
402,322,10,Current,2021-08-18,4122,8.91
403,323,16,Fixed,2021-02-10,18350,6.48
404,324,12,Fixed,2020-10-10,48101,7.14
405,325,4,Savings,2021-02-22,46017,6.57
406,325,18,Fixed,2017-10-28,25186,7.26
407,326,10,Fixed,2023-09-21,52012,8.08
408,327,20,Savings,2016-12-24,39125,8.84
409,328,3,Fixed,2016-03-08,15606,7.7
410,329,4,Current,2022-12-30,55907,9.56
411,330,15,Fixed,2022-07-08,15068,8.84
412,331,14,Savings,2018-07-01,39998,8.66
413,332,4,Savings,2021-04-07,51948,9.7
414,332,15,Current,2023-03-26,47955,8.22
415,333,1,Current,2018-07-06,53879,7.05
416,334,9,Current,2020-08-25,37076,8.04
417,335,14,Savings,2016-03-04,2544,4.16
418,336,17,Fixed,2022-09-23,51074,5.9
419,337,19,Current,2018-09-17,24336,7.33
420,337,7,Fixed,2023-03-24,53296,6.36
421,338,19,Current,2017-06-11,8760,9.64
422,339,6,Current,2019-07-27,53172,7.1
423,340,8,Savings,2023-12-18,59331,8.81
424,341,4,Fixed,2022-06-21,68093,8.71
425,342,18,Savings,2019-08-13,36108,5.22
426,343,1,Current,2016-02-17,14224,7.77
427,344,1,Fixed,2023-12-08,22060,7.26
428,345,19,Current,2016-04-13,12324,8.45
429,346,15,Fixed,2023-01-30,19111,8.67
430,347,8,Fixed,2018-06-27,26452,5.78
431,348,13,Current,2023-05-24,34145,4.31
432,349,5,Fixed,2016-04-04,12874,7.83
433,350,4,Current,2022-09-06,15555,4.74
434,351,10,Current,2018-01-09,20590,4.56
435,352,12,Savings,2020-05-19,66781,4.6
436,352,14,Savings,2021-06-15,4877,9.76
437,353,7,Fixed,2020-09-15,12002,6.25
438,354,15,Savings,2018-01-06,43102,5.79
439,355,19,Fixed,2022-10-20,25419,9.13
440,356,11,Current,2021-06-05,17362,9.97
441,357,6,Fixed,2018-11-08,2657,9.56
442,358,20,Savings,2022-01-04,27276,4.14
443,359,5,Savings,2020-02-03,69075,4.69
444,359,1,Current,2017-07-21,30437,5.32
445,360,9,Current,2021-05-26,18591,5.2
446,361,12,Fixed,2022-03-08,14054,7.91
447,362,16,Current,2021-09-30,63216,9.68
448,363,9,Savings,2018-03-21,27304,8.12
449,364,13,Savings,2022-07-18,38842,8.76
450,365,6,Savings,2024-02-05,42840,6.93
451,365,14,Fixed,2019-01-17,60478,8.9
452,366,20,Current,2020-10-24,16097,5.2
453,367,12,Fixed,2016-09-20,48257,6.7
454,367,17,Current,2022-07-31,6424,6.46
455,368,13,Savings,2017-04-14,48170,5.08
456,368,14,Savings,2020-01-05,44294,5.47
457,369,12,Current,2017-08-17,30204,8.68
458,370,1,Current,2023-09-20,18030,4.07
459,371,7,Current,2022-05-13,45105,8.77
460,372,18,Savings,2020-04-28,32493,5.7
461,373,17,Savings,2017-02-25,29810,7.37
462,374,19,Fixed,2020-09-23,11807,8.09
463,375,11,Current,2018-03-22,59043,5.18
464,376,16,Savings,2019-01-29,66740,6.53
465,377,15,Savings,2022-09-29,18265,5.96
466,377,8,Fixed,2016-03-28,52181,5.71
467,378,15,Current,2017-06-20,2609,9.05
468,379,2,Fixed,2021-11-30,54797,4.23
469,379,3,Current,2017-01-24,4132,8.98
470,380,10,Current,2019-07-23,56405,8.52
471,381,3,Fixed,2019-07-06,54473,6.96
472,382,13,Current,2023-10-23,8169,9.9
473,383,4,Current,2022-12-06,66662,4.62
474,384,2,Savings,2017-07-22,31362,4.63
475,384,14,Savings,2017-11-28,44317,4.53
476,385,18,Savings,2023-09-20,50349,9.21
477,386,2,Savings,2016-07-15,36037,9.68
478,386,9,Current,2023-09-18,11835,7.68
479,387,9,Fixed,2017-11-28,51749,9.55
480,388,4,Savings,2019-07-31,62384,9.17
481,389,15,Fixed,2017-05-16,56171,7.13
482,389,19,Current,2023-06-01,33525,6.94
483,390,11,Fixed,2021-05-31,38771,5.35
484,390,10,Fixed,2016-12-05,36578,6.12
485,391,7,Fixed,2016-11-15,33768,4.45
486,391,2,Savings,2016-02-23,66828,8.02
487,392,13,Savings,2021-06-20,63361,4.63
488,393,19,Fixed,2021-10-06,29349,9.15
489,394,15,Fixed,2017-09-22,42871,9.09
490,394,5,Savings,2020-01-29,15849,6.31
491,395,20,Fixed,2018-04-11,61301,8.68
492,396,3,Current,2020-09-28,26635,4.99
493,396,19,Fixed,2017-02-22,42258,4.88
494,397,4,Savings,2016-03-08,16047,9.36
495,397,9,Savings,2021-05-04,26514,7.97
496,398,12,Current,2017-04-29,61328,9.56
497,399,12,Current,2018-05-18,13018,4.9
498,399,14,Fixed,2019-09-28,67823,4.32
499,400,12,Savings,2016-07-20,37728,7.89
500,400,7,Current,2018-02-14,57389,6.42
501,401,17,Fixed,2021-07-14,38166,7.11
502,402,2,Fixed,2018-10-16,16311,9.75
503,402,4,Savings,2016-05-26,30780,7.45
504,403,3,Fixed,2017-02-17,33295,5.65
505,404,13,Current,2017-02-18,55026,5.32
506,404,16,Savings,2017-12-01,37162,8.71
507,405,10,Fixed,2022-09-08,47564,5.73
508,406,4,Savings,2021-08-23,2407,9.45
509,406,10,Fixed,2018-09-04,64489,5.02
510,407,6,Savings,2019-09-22,11103,9.4
511,408,1,Fixed,2021-04-27,20590,6.57
512,409,6,Current,2016-11-11,4729,5.02
513,409,20,Current,2021-04-24,3275,7.5
514,410,8,Current,2017-03-24,66003,4.27
515,411,19,Fixed,2019-04-05,4279,9.01
516,412,6,Savings,2017-01-19,67948,4.6
517,412,15,Current,2019-12-07,45997,9.94
518,413,16,Current,2020-02-01,35730,6.75
519,413,10,Fixed,2019-09-28,48219,9.35
520,414,4,Current,2023-09-09,65485,7.12
521,415,5,Current,2018-06-21,4716,7.96
522,416,12,Current,2016-05-06,20564,5.47
523,417,12,Savings,2016-12-31,58455,5.16
524,418,4,Current,2023-01-11,51516,8.07
525,419,17,Savings,2018-12-22,60886,9.46
526,420,11,Current,2022-08-10,47723,6.5
527,420,10,Savings,2016-06-17,38208,7.48
528,421,20,Savings,2020-11-10,46993,8.77
529,421,10,Savings,2016-02-04,47481,6.99
530,422,15,Fixed,2017-09-07,21284,7.14
531,422,20,Fixed,2023-06-14,39982,4.98
532,423,10,Savings,2019-04-22,65809,4.09
533,424,7,Current,2022-08-26,7367,4.74
534,425,10,Savings,2020-10-28,66011,6.11
535,426,2,Current,2017-07-18,2084,6.1
536,427,17,Fixed,2022-04-15,39128,4.93
537,428,9,Savings,2018-03-16,13272,6.59
538,428,10,Savings,2016-05-11,12579,6.84
539,429,8,Fixed,2023-02-22,48482,6.32
540,430,4,Current,2019-05-22,54312,7.58
541,431,19,Current,2023-08-12,24715,9.26
542,432,7,Current,2017-07-09,20242,6.5
543,432,10,Current,2016-12-16,28151,5.78
544,433,18,Savings,2020-03-19,62444,8.69
545,434,4,Savings,2021-11-26,59264,6.65
546,435,17,Fixed,2023-12-28,43059,6.15
547,436,14,Current,2020-09-18,48424,9.77
548,437,1,Fixed,2016-04-18,62461,9.74
549,438,3,Savings,2022-11-24,57170,9.44
550,438,19,Fixed,2020-03-08,33804,4.76
551,439,2,Current,2017-05-30,40449,6.42
552,440,15,Fixed,2021-02-28,2780,9.04
553,441,2,Current,2023-04-15,13096,4.64
554,442,10,Fixed,2021-05-26,14766,8.14
555,442,4,Fixed,2022-07-22,9977,8.05
556,443,7,Fixed,2017-08-13,8949,7.37
557,444,5,Savings,2023-07-30,66920,7.84
558,445,10,Fixed,2019-06-27,22286,8.31
559,445,16,Fixed,2023-09-18,2845,5.2
560,446,1,Savings,2022-10-09,10800,9.28
561,446,8,Savings,2017-02-28,14696,6.84
562,447,15,Current,2016-08-15,68296,9.56
563,447,13,Current,2018-01-23,41311,8.92
564,448,20,Fixed,2020-12-03,36114,9.16
565,448,14,Savings,2023-02-18,18147,4.13
566,449,8,Savings,2021-09-26,20571,8.45
567,450,16,Current,2019-04-02,28260,5.74
568,451,19,Current,2020-02-13,15109,8.01
569,451,13,Fixed,2017-03-15,53273,6.78
570,452,5,Savings,2019-03-06,57683,6.74
571,453,1,Fixed,2019-05-25,53043,4.2
572,454,2,Current,2017-07-24,60258,6.81
573,454,9,Savings,2017-10-10,62076,6.15
574,455,7,Current,2023-12-02,67956,7.15
575,456,3,Savings,2023-05-10,69245,4.91
576,457,15,Fixed,2017-07-27,46471,5.67
577,458,13,Savings,2023-03-27,41705,6.9
578,459,20,Fixed,2018-01-08,63833,7.46
579,460,17,Current,2017-06-14,68450,8.19
580,461,19,Fixed,2020-07-11,47625,4.41
581,462,6,Savings,2017-01-30,5869,7.99
582,463,16,Current,2018-08-06,67461,9.89
583,464,4,Savings,2024-03-01,33013,9.35
584,465,3,Savings,2022-11-11,57057,5.5
585,465,3,Current,2020-03-13,6904,7.64
586,466,6,Current,2017-03-16,5861,8.19
587,467,5,Fixed,2022-06-08,51496,7.34
588,468,9,Current,2020-11-27,27653,8.07
589,468,7,Fixed,2017-10-25,31556,6.6
590,469,3,Fixed,2016-04-09,27204,7.77
591,470,7,Savings,2017-07-29,14609,9.36
592,470,14,Fixed,2022-02-16,49128,9.19
593,471,6,Fixed,2024-03-08,46657,9.75
594,472,7,Savings,2022-05-25,67034,8.97
595,472,12,Current,2022-12-08,67647,9.4
596,473,3,Current,2020-10-17,20071,7.75
597,474,19,Savings,2017-06-04,11288,8.69
598,474,4,Savings,2021-08-04,41089,5.38
599,475,1,Savings,2019-04-02,45374,9.53
600,476,13,Fixed,2020-01-05,34949,4.41
601,476,10,Savings,2021-12-28,22691,7.45
602,477,20,Fixed,2019-07-02,69863,6.4
603,478,18,Fixed,2017-03-30,9424,7.5
604,479,1,Savings,2019-10-16,36478,6.53
605,479,11,Savings,2017-07-24,28281,5.23
606,480,2,Savings,2021-07-14,45202,4.44
607,481,12,Savings,2020-08-31,6634,7.59
608,482,18,Current,2017-06-14,12563,5.62
609,483,4,Savings,2021-07-27,7471,7.05
610,484,14,Current,2019-05-27,47908,8.69
611,485,1,Savings,2016-04-17,31852,8.64
612,486,18,Fixed,2020-04-02,27712,8.09
613,486,18,Current,2016-08-01,4371,6.32
614,487,5,Current,2023-11-12,51444,6.56
615,488,4,Current,2017-04-28,20057,9.38
616,489,12,Savings,2019-11-06,50196,6.62
617,489,8,Savings,2017-01-11,9592,7.53
618,490,14,Fixed,2022-01-05,31769,7.41
619,490,8,Savings,2016-11-09,3952,4.34
620,491,6,Current,2016-06-28,59482,5.88
621,492,10,Savings,2022-10-18,34013,6.39
622,493,3,Savings,2018-10-21,18040,9.63
623,494,16,Fixed,2020-01-02,28982,9.39
624,495,15,Fixed,2019-05-24,30873,9.65
625,496,8,Fixed,2018-12-31,40362,5.91
626,497,4,Savings,2019-11-20,67987,9.4
627,498,9,Savings,2018-04-13,65728,9.47
628,499,10,Fixed,2022-03-14,32216,5.26
629,499,5,Savings,2018-08-20,50809,8.19
630,500,4,Savings,2021-08-05,61475,9.02
631,500,9,Fixed,2020-04-22,37428,5.8
632,501,2,Current,2022-11-02,13074,6.3
633,502,13,Current,2020-12-23,4470,4.27
634,503,13,Savings,2023-05-27,28965,6.59
635,504,10,Savings,2022-01-27,8849,8.58
636,504,20,Current,2018-12-11,5406,8.86
637,505,1,Current,2024-02-20,30382,8.98
638,506,14,Fixed,2016-08-21,58895,8.84
639,507,10,Fixed,2021-03-13,52870,6.54
640,507,6,Current,2021-03-29,36091,8.47
641,508,5,Savings,2019-02-23,33224,8.8
642,508,3,Savings,2022-02-01,37965,5.77
643,509,2,Fixed,2019-01-28,53721,6.17
644,509,20,Savings,2017-05-24,34835,5.84
645,510,9,Savings,2020-12-22,44072,6.78
646,511,1,Current,2016-05-31,59659,9.8
647,512,18,Savings,2020-07-31,64941,4.35
648,513,9,Fixed,2022-03-08,12426,5.88
649,513,15,Savings,2018-11-22,10394,8.6
650,514,9,Current,2017-06-05,38194,5.36
651,514,5,Fixed,2023-05-10,24871,4.3
652,515,2,Savings,2023-09-04,17000,7.04
653,516,19,Current,2016-06-20,59712,7.32
654,517,2,Fixed,2018-11-27,31878,9.85
655,518,12,Fixed,2024-01-21,4112,4.27
656,518,12,Savings,2016-11-13,32762,7.04
657,519,17,Savings,2018-08-28,16835,5.22
658,519,14,Savings,2023-03-14,50674,6.56
659,520,5,Savings,2019-08-30,39104,7.64
660,521,11,Current,2023-04-24,49223,6.25
661,522,20,Savings,2017-10-18,40543,6.21
662,523,5,Fixed,2016-04-14,40125,4.64
663,523,11,Fixed,2024-01-10,29719,8.69
664,524,19,Fixed,2019-11-10,68608,9.64
665,524,19,Savings,2023-05-15,51655,8.36
666,525,3,Savings,2018-07-08,51950,7.39
667,525,18,Fixed,2017-05-11,56798,9.09
668,526,20,Current,2023-05-24,8741,7.15
669,527,11,Current,2018-03-09,59805,9.02
670,528,8,Current,2018-09-22,40412,8.79
671,529,8,Current,2019-07-13,49443,8.49
672,530,8,Current,2020-08-06,17127,6.17
673,530,18,Fixed,2016-11-09,48135,9.49
674,531,20,Savings,2021-01-12,65459,8.72
675,531,19,Savings,2022-01-11,32115,5.47
676,532,19,Fixed,2017-07-19,55427,7.63
677,532,11,Current,2017-04-28,39602,4.49
678,533,17,Savings,2022-06-17,57184,6.97
679,533,6,Current,2016-03-04,27965,5.0
680,534,9,Fixed,2023-12-23,56870,9.58
681,535,5,Savings,2020-11-02,15237,4.14
682,535,3,Savings,2021-10-10,23880,9.2
683,536,14,Current,2017-06-06,52870,6.41
684,536,10,Savings,2019-10-11,33645,9.38
685,537,19,Fixed,2022-11-30,46124,4.65
686,537,3,Fixed,2019-12-24,7929,9.7
687,538,15,Fixed,2020-11-19,55592,5.74
688,539,5,Fixed,2018-01-21,64535,8.34
689,540,3,Savings,2016-02-01,68764,7.56
690,541,15,Current,2019-08-05,50480,6.63
691,541,19,Current,2017-01-31,68672,5.39
692,542,11,Savings,2022-04-29,66656,7.11
693,543,14,Current,2019-08-15,68614,6.3
694,544,5,Savings,2024-03-13,25385,5.26
695,545,19,Fixed,2019-07-11,38471,4.6
696,546,6,Savings,2019-03-25,39328,5.64
697,547,8,Savings,2019-03-27,59529,9.64
698,548,20,Savings,2018-08-06,36003,8.0
699,549,4,Savings,2022-03-11,20481,9.03
700,550,1,Fixed,2016-06-11,24131,9.76
701,550,1,Current,2016-04-15,27576,6.22
702,551,19,Current,2024-03-17,38941,6.67
703,552,15,Current,2017-03-24,18538,8.3
704,552,15,Current,2021-07-13,17720,5.58
705,553,9,Fixed,2023-07-02,19933,4.7
706,554,3,Fixed,2018-06-30,48362,8.36
707,555,6,Fixed,2019-10-05,44875,5.66
708,555,3,Fixed,2023-09-18,69219,5.89
709,556,14,Savings,2023-11-28,7027,8.77
710,557,7,Fixed,2023-05-31,43618,9.03
711,558,1,Savings,2017-07-14,6670,7.52
712,559,7,Current,2021-04-09,30863,4.91
713,559,16,Current,2017-06-23,26524,5.19
714,560,17,Fixed,2018-05-27,13627,4.02
715,561,16,Fixed,2022-11-08,10816,5.25
716,562,2,Current,2023-09-18,25345,5.58
717,563,19,Savings,2023-02-25,51845,6.09
718,564,10,Savings,2019-04-11,25601,8.01
719,565,13,Fixed,2020-01-02,66254,7.26
720,566,4,Savings,2017-04-05,40720,9.78
721,567,14,Current,2019-08-25,39653,5.48
722,568,4,Savings,2021-03-18,57687,9.74
723,569,12,Fixed,2020-06-18,16881,8.23
724,569,16,Fixed,2020-08-14,65404,8.12
725,570,10,Current,2021-09-09,5796,5.29
726,571,2,Fixed,2019-08-16,55609,5.57
727,572,14,Current,2020-12-15,43630,6.55
728,572,2,Current,2021-06-11,36170,8.37
729,573,2,Current,2021-01-07,46543,6.46
730,574,18,Savings,2023-01-05,23828,4.66
731,575,5,Fixed,2022-01-19,45212,4.12
732,575,13,Savings,2023-11-26,4767,6.0
733,576,18,Savings,2023-05-06,48229,4.3
734,576,12,Fixed,2018-03-23,29585,9.91
735,577,8,Current,2017-10-23,53842,9.46
736,578,14,Savings,2022-03-14,45450,8.4
737,578,2,Savings,2021-11-26,3787,4.62
738,579,16,Savings,2017-10-04,54158,5.7
739,580,8,Fixed,2023-09-19,5177,5.48
740,581,4,Current,2023-05-08,37711,6.4
741,582,3,Savings,2016-10-29,37389,7.03
742,582,1,Savings,2022-01-27,56444,7.63
743,583,4,Fixed,2022-08-06,21902,8.76
744,584,20,Current,2019-08-18,27465,6.55
745,585,10,Current,2021-02-22,5071,5.22
746,586,19,Current,2020-03-22,36638,5.75
747,587,8,Current,2022-04-16,14197,5.67
748,588,18,Fixed,2018-09-28,39279,6.29
749,589,13,Current,2022-02-16,67147,8.29
750,590,8,Fixed,2016-04-11,61279,6.38
751,591,15,Current,2021-05-06,32423,7.38
752,592,11,Savings,2023-01-24,42712,9.85
753,593,18,Savings,2018-04-30,14502,9.19
754,594,19,Savings,2016-12-09,66200,4.85
755,595,17,Fixed,2022-05-09,64064,8.56
756,595,16,Current,2020-08-13,9724,5.87
757,596,5,Savings,2019-08-09,46285,8.13
758,597,1,Current,2023-09-28,55285,5.26
759,598,18,Current,2019-07-06,66058,9.76
760,599,11,Current,2023-12-13,32898,6.9
761,600,4,Current,2023-11-04,12673,4.47
762,601,1,Savings,2021-10-30,83366,8.49
763,602,7,Current,2017-04-10,93567,4.23
764,603,16,Savings,2023-01-08,161196,8.82
765,604,5,Fixed,2022-02-18,177714,6.51
766,605,10,Savings,2020-11-18,52427,9.97
767,606,9,Fixed,2019-08-13,238728,7.69
768,607,19,Fixed,2017-11-10,147421,4.85
769,608,7,Fixed,2024-01-05,187167,6.23
770,609,9,Current,2021-03-10,208470,5.26
771,610,5,Savings,2021-11-17,136553,8.29
772,611,1,Current,2020-09-01,174222,5.08
773,612,3,Savings,2019-07-01,173337,8.21
774,612,4,Fixed,2021-02-21,102236,5.99
775,613,20,Current,2022-08-31,66019,4.94
776,614,18,Savings,2019-11-13,141869,7.77
777,615,7,Current,2019-03-10,293238,8.92
778,615,14,Fixed,2024-03-06,277565,5.83
779,616,13,Current,2022-04-17,213709,7.25
780,616,7,Savings,2022-08-24,222849,4.91
781,617,7,Current,2017-12-31,241537,5.58
782,618,5,Fixed,2022-08-02,76823,7.87
783,619,11,Fixed,2022-08-22,150387,7.63
784,619,20,Fixed,2021-04-23,261628,5.26
785,620,8,Savings,2017-01-09,50700,9.58
786,621,5,Savings,2017-11-06,211198,6.85
787,622,11,Savings,2016-08-01,50064,4.82
788,623,15,Current,2023-06-16,261611,6.83
789,624,17,Savings,2018-09-13,129313,7.36
790,625,13,Fixed,2021-04-27,148909,6.13
791,626,17,Current,2021-12-13,269846,4.47
792,627,7,Savings,2023-02-08,208696,9.0
793,628,5,Current,2022-04-14,236475,6.65
794,629,9,Fixed,2017-05-07,232216,7.35
795,630,12,Savings,2016-04-13,164141,9.2
796,631,15,Fixed,2019-11-18,274230,8.37
797,632,20,Fixed,2018-02-21,106041,6.29
798,632,1,Savings,2020-12-15,96925,6.17
799,633,1,Fixed,2019-06-25,101088,5.97
800,634,12,Current,2021-08-21,288823,9.53
801,635,9,Savings,2023-04-05,209062,5.65
802,636,13,Savings,2023-10-19,175497,8.23
803,637,2,Fixed,2016-05-04,121873,9.18
804,638,16,Fixed,2023-02-02,293158,6.73
805,639,16,Fixed,2023-04-06,95553,8.5
806,640,4,Savings,2020-02-22,261663,4.17
807,641,5,Fixed,2017-12-25,284426,9.23
808,642,3,Current,2017-05-04,84510,4.34
809,643,2,Current,2017-02-03,217111,9.15
810,644,7,Fixed,2022-11-19,122739,8.42
811,645,11,Fixed,2017-11-24,137206,9.43
812,646,12,Fixed,2016-02-28,203838,9.64
813,646,14,Fixed,2023-07-05,155689,4.37
814,647,17,Savings,2024-03-04,100578,5.6
815,648,15,Savings,2019-02-02,95242,7.65
816,649,17,Current,2017-12-09,230542,7.81
817,649,1,Current,2019-01-26,270757,7.36
818,650,11,Current,2022-05-16,80858,9.02
819,651,19,Current,2016-12-27,72569,4.7
820,652,6,Fixed,2016-12-19,73740,5.11
821,653,1,Savings,2016-02-12,204966,5.31
822,654,15,Savings,2024-02-14,148180,9.66
823,655,7,Fixed,2017-06-27,130683,5.86
824,656,10,Savings,2019-02-16,149433,4.84
825,657,14,Savings,2018-02-10,132717,5.64
826,658,6,Current,2018-11-28,102225,8.19
827,659,3,Current,2019-12-25,119348,7.47
828,660,17,Current,2023-01-28,141451,8.12
829,661,2,Fixed,2020-04-28,94688,4.93
830,662,7,Fixed,2020-11-12,199084,6.08
831,662,10,Savings,2019-11-02,262574,8.2
832,663,18,Fixed,2019-01-06,182059,4.54
833,664,7,Current,2018-06-12,252744,6.81
834,665,4,Fixed,2023-05-20,58243,7.79
835,666,5,Current,2022-07-31,174573,5.94
836,667,13,Fixed,2022-08-07,197788,9.41
837,668,4,Fixed,2020-01-09,134507,9.22
838,669,6,Current,2021-05-01,52070,6.01
839,670,4,Savings,2020-01-06,219838,5.84
840,671,18,Savings,2016-03-30,172379,6.63
841,672,15,Fixed,2022-06-17,211641,8.17
842,672,13,Current,2018-09-24,241615,5.52
843,673,20,Current,2021-05-30,147836,8.07
844,674,2,Savings,2021-09-07,128688,4.65
845,675,9,Fixed,2020-06-29,161645,7.56
846,676,17,Savings,2019-05-16,92998,9.32
847,676,17,Savings,2022-05-15,232879,8.51
848,677,11,Savings,2017-01-05,84050,5.86
849,678,5,Current,2021-02-21,250755,6.38
850,679,1,Fixed,2017-08-27,170740,5.2
851,679,10,Current,2016-11-25,95106,5.11
852,680,7,Current,2017-01-04,274857,8.34
853,680,18,Current,2016-01-21,90406,6.86
854,681,4,Current,2022-03-02,140364,8.12
855,681,7,Current,2023-06-30,233180,6.26
856,682,8,Savings,2020-05-06,171499,4.77
857,683,5,Current,2019-09-01,250027,9.39
858,684,14,Fixed,2020-06-01,264903,7.2
859,685,16,Fixed,2022-07-30,140929,4.16
860,685,20,Savings,2018-08-21,282151,6.21
861,686,17,Savings,2022-11-05,139089,7.6
862,687,3,Fixed,2018-07-31,154380,4.83
863,688,2,Savings,2019-05-21,99275,6.61
864,689,13,Fixed,2018-01-06,139020,6.55
865,689,10,Current,2023-07-28,124701,8.93
866,690,9,Current,2018-01-05,59129,4.98
867,691,17,Savings,2021-03-19,228871,8.84
868,692,4,Fixed,2020-07-14,140777,8.82
869,693,6,Current,2017-06-11,53204,7.45
870,694,15,Savings,2021-06-14,150660,7.92
871,695,13,Current,2016-08-11,225687,5.82
872,696,4,Fixed,2021-01-18,117803,7.01
873,697,16,Fixed,2019-10-04,254735,9.07
874,698,4,Savings,2020-10-02,145646,7.19
875,699,3,Savings,2016-01-29,150524,6.02
876,700,19,Current,2018-03-20,294888,7.09
877,701,15,Current,2016-07-17,211092,6.79
878,702,4,Current,2021-02-28,60444,6.2
879,703,20,Fixed,2020-02-21,283089,5.51
880,704,10,Savings,2022-02-01,138463,5.6
881,705,12,Current,2016-03-12,126871,6.68
882,706,2,Fixed,2017-04-02,128035,6.14
883,706,18,Fixed,2020-06-10,59597,5.49
884,707,18,Savings,2017-05-31,72032,8.36
885,708,16,Current,2019-01-30,215916,6.07
886,708,20,Savings,2021-11-14,170070,7.41
887,709,3,Current,2020-03-06,60653,4.23
888,710,4,Current,2021-09-30,209738,9.88
889,711,11,Fixed,2019-05-21,70647,6.54
890,711,6,Fixed,2018-11-18,55867,8.33
891,712,3,Current,2017-04-21,244690,8.76
892,713,9,Current,2022-11-26,199656,7.08
893,714,8,Fixed,2016-07-19,273934,6.25
894,715,7,Current,2019-01-30,173972,8.48
895,716,6,Current,2021-08-16,254029,8.03
896,716,13,Savings,2023-08-09,208498,5.71
897,717,14,Savings,2016-03-17,51324,8.69
898,717,5,Current,2018-12-29,222284,6.77
899,718,11,Savings,2018-06-25,257161,5.35
900,718,11,Savings,2016-09-18,235862,7.67
901,719,20,Current,2022-08-05,240883,6.52
902,720,11,Fixed,2020-05-12,206036,6.85
903,721,1,Current,2019-10-27,196186,5.92
904,721,15,Savings,2021-03-07,265647,9.13
905,722,7,Fixed,2023-10-28,180803,5.02
906,723,9,Current,2016-05-12,152252,7.96
907,724,3,Fixed,2021-06-15,199766,7.37
908,725,3,Savings,2021-12-09,140518,6.22
909,726,11,Current,2023-07-25,126499,6.8
910,726,20,Fixed,2017-11-13,90868,7.75
911,727,14,Current,2016-04-05,198083,8.51
912,728,18,Fixed,2021-07-03,124419,9.94
913,728,18,Savings,2020-03-30,148378,7.64
914,729,4,Savings,2020-06-08,272735,5.31
915,730,19,Current,2018-01-01,79001,9.19
916,731,13,Fixed,2020-07-31,251031,6.11
917,732,14,Fixed,2019-02-16,107082,5.92
918,732,4,Fixed,2023-09-14,145204,9.76
919,733,11,Fixed,2022-01-02,249689,7.2
920,734,13,Current,2021-03-15,109008,5.72
921,735,15,Savings,2017-12-28,292365,6.4
922,736,18,Current,2021-03-15,50874,7.94
923,736,4,Current,2022-07-04,229136,7.92
924,737,14,Savings,2023-02-19,159646,4.17
925,738,5,Fixed,2022-12-14,108770,7.02
926,738,20,Fixed,2024-03-17,71104,6.45
927,739,11,Fixed,2018-10-20,55985,5.0
928,740,16,Fixed,2017-01-07,213969,9.71
929,741,20,Fixed,2020-05-13,55955,7.31
930,742,7,Savings,2021-02-18,276345,6.21
931,743,8,Savings,2021-04-18,279284,9.62
932,744,7,Current,2017-06-27,291535,5.76
933,745,1,Savings,2022-06-23,284473,6.77
934,746,20,Current,2018-09-17,114237,8.78
935,746,17,Fixed,2017-03-31,170954,8.82
936,747,11,Savings,2018-09-29,269644,6.77
937,748,1,Fixed,2016-05-12,68308,8.09
938,749,17,Current,2020-04-27,156521,4.42
939,749,9,Fixed,2022-01-09,159337,4.73
940,750,20,Fixed,2021-12-27,253580,8.29
941,751,16,Fixed,2016-09-01,164955,5.76
942,752,2,Current,2020-06-24,154437,8.3
943,752,15,Current,2017-05-23,184102,4.62
944,753,9,Fixed,2017-04-02,272054,8.33
945,754,14,Fixed,2019-10-23,146066,4.85
946,755,16,Savings,2018-12-19,113718,4.58
947,756,3,Current,2023-12-14,218305,6.95
948,756,9,Current,2019-04-24,114154,8.14
949,757,15,Fixed,2018-11-22,136680,7.41
950,758,2,Savings,2017-08-29,205825,7.13
951,759,8,Current,2022-04-27,56800,6.18
952,759,10,Fixed,2017-10-10,126341,7.41
953,760,16,Fixed,2020-12-06,129886,8.04
954,760,5,Savings,2022-10-24,90485,5.75
955,761,9,Fixed,2018-07-22,150722,4.17
956,762,19,Current,2017-08-30,105485,7.51
957,763,12,Fixed,2021-09-14,118005,8.47
958,764,13,Current,2022-12-08,185480,9.4
959,765,5,Fixed,2021-08-14,140233,5.89
960,766,13,Current,2023-04-09,148136,5.01
961,767,16,Savings,2021-06-05,187687,9.38
962,767,3,Current,2018-07-09,53730,5.86
963,768,5,Current,2022-10-28,108801,8.67
964,768,4,Fixed,2018-03-17,256903,6.14
965,769,19,Fixed,2016-02-19,170408,9.04
966,770,17,Savings,2018-04-09,271707,6.18
967,770,13,Fixed,2017-02-08,58608,9.71
968,771,3,Current,2022-03-16,183016,9.77
969,772,18,Savings,2016-08-17,271932,6.68
970,772,8,Savings,2018-11-14,187087,8.78
971,773,8,Savings,2023-09-25,97889,8.3
972,774,2,Fixed,2018-12-24,96512,7.31
973,775,7,Fixed,2016-09-17,73949,9.44
974,775,17,Current,2016-09-06,84746,5.25
975,776,19,Fixed,2021-05-08,113947,6.79
976,777,2,Current,2023-02-09,190753,4.44
977,778,4,Current,2016-12-07,175383,6.86
978,779,18,Fixed,2018-05-30,76181,7.59
979,780,19,Savings,2022-07-10,128632,6.58
980,781,4,Fixed,2020-12-18,287237,8.66
981,782,19,Fixed,2022-11-21,101065,8.53
982,783,9,Current,2022-09-29,50129,5.62
983,784,6,Current,2021-09-08,215446,6.9
984,785,10,Current,2021-12-19,124384,5.49
985,786,18,Fixed,2019-06-18,122165,7.76
986,786,6,Current,2016-01-27,79221,5.92
987,787,16,Current,2017-10-30,183574,5.07
988,788,14,Fixed,2019-06-01,249344,4.57
989,789,15,Current,2023-02-25,275975,8.12
990,790,6,Savings,2017-03-21,265628,8.58
991,790,10,Fixed,2019-06-04,105893,5.92
992,791,16,Savings,2023-09-05,189041,5.8
993,792,7,Fixed,2023-07-15,209783,4.93
994,793,7,Current,2017-12-04,90996,9.11
995,794,6,Current,2021-10-16,209940,9.89
996,795,20,Current,2024-02-23,221308,5.62
997,796,9,Current,2019-05-28,294539,6.22
998,796,11,Fixed,2019-12-20,130276,8.98
999,797,15,Current,2020-10-08,132666,7.38
1000,797,14,Savings,2020-07-13,249935,4.33
1001,798,12,Fixed,2017-07-27,157161,9.85
1002,799,9,Savings,2023-11-24,251077,5.21
1003,800,9,Current,2020-03-09,223553,4.14
1004,800,13,Current,2022-04-04,162066,7.36
1005,801,7,Fixed,2021-08-22,102285,6.64
1006,802,4,Savings,2018-09-22,121817,4.96
1007,803,16,Fixed,2022-08-25,239490,6.82
1008,804,2,Fixed,2020-05-16,298173,8.13
1009,805,16,Savings,2019-02-21,288259,9.92
1010,806,13,Savings,2017-02-19,203646,4.34
1011,807,9,Fixed,2020-02-22,139834,6.63
1012,807,4,Current,2017-07-04,124510,9.29
1013,808,11,Fixed,2020-08-21,69395,8.95
1014,808,5,Fixed,2019-05-09,279100,7.44
1015,809,3,Current,2018-10-01,197282,5.97
1016,810,9,Fixed,2021-12-15,193284,8.9
1017,811,1,Savings,2016-10-05,230766,9.22
1018,811,11,Current,2020-12-31,233304,8.48
1019,812,6,Current,2021-04-02,106311,5.37
1020,812,11,Savings,2023-08-07,144949,9.83
1021,813,9,Fixed,2016-04-04,117902,4.84
1022,814,14,Current,2020-06-11,218359,8.84
1023,814,2,Fixed,2016-09-03,259216,9.48
1024,815,12,Savings,2022-05-06,184286,6.62
1025,815,17,Current,2022-01-15,58410,6.95
1026,816,11,Fixed,2016-10-01,200684,8.41
1027,817,3,Fixed,2017-04-05,198191,7.19
1028,818,17,Savings,2022-06-08,259345,9.53
1029,819,7,Savings,2023-09-02,209916,6.59
1030,820,15,Current,2017-09-15,122578,7.9
1031,821,6,Fixed,2022-06-14,69143,6.04
1032,821,14,Savings,2020-07-02,188337,7.45
1033,822,20,Current,2016-03-18,51665,4.05
1034,823,14,Savings,2018-11-26,134511,9.13
1035,824,11,Fixed,2021-02-17,203190,7.92
1036,825,19,Current,2024-01-07,102515,9.2
1037,826,7,Savings,2018-04-24,90004,5.85
1038,826,1,Fixed,2022-10-01,76449,9.67
1039,827,5,Fixed,2019-11-28,60342,9.73
1040,828,11,Savings,2023-05-19,135841,5.25
1041,829,6,Current,2019-01-15,129411,5.4
1042,830,7,Current,2016-04-21,291140,4.82
1043,831,15,Savings,2020-03-16,285635,4.15
1044,832,7,Current,2016-07-20,277418,6.68
1045,833,7,Savings,2020-04-07,154642,7.54
1046,834,3,Savings,2021-09-06,82676,9.48
1047,835,17,Savings,2017-10-29,239928,8.54
1048,836,16,Fixed,2022-10-13,81551,6.15
1049,837,14,Savings,2018-05-11,133068,9.91
1050,837,17,Current,2021-05-11,259660,5.53
1051,838,15,Savings,2016-01-30,79358,6.28
1052,839,13,Savings,2019-12-23,160104,6.16
1053,840,3,Current,2023-04-24,131259,5.8
1054,841,3,Fixed,2023-03-21,233819,8.86
1055,842,16,Savings,2019-01-30,279622,8.38
1056,843,11,Savings,2017-07-30,285229,9.08
1057,844,19,Savings,2017-06-08,96493,7.11
1058,844,16,Savings,2016-09-07,86757,7.58
1059,845,10,Current,2022-12-04,105004,6.49
1060,846,14,Savings,2017-12-16,91283,9.62
1061,847,6,Current,2017-03-24,89683,8.72
1062,848,16,Savings,2019-06-07,57859,6.42
1063,848,9,Fixed,2019-08-08,147827,4.17
1064,849,11,Savings,2021-04-11,56771,4.21
1065,850,5,Current,2016-07-09,278596,7.24
1066,851,20,Fixed,2021-11-21,249885,5.02
1067,852,1,Current,2018-07-01,76244,4.55
1068,853,4,Current,2021-03-17,67386,9.9
1069,854,18,Current,2017-07-04,274432,9.14
1070,854,1,Current,2021-05-04,262185,6.82
1071,855,9,Savings,2019-08-15,286685,7.94
1072,856,20,Fixed,2024-01-13,145835,4.58
1073,857,19,Savings,2017-05-30,179185,5.32
1074,858,5,Savings,2023-05-24,84028,4.49
1075,859,13,Current,2022-11-24,74848,4.63
1076,860,9,Savings,2024-03-09,109303,7.96
1077,861,15,Fixed,2022-08-16,136147,7.12
1078,861,9,Savings,2019-09-05,201300,6.53
1079,862,5,Fixed,2016-05-20,223330,8.49
1080,863,13,Fixed,2016-07-15,259655,8.77
1081,864,1,Savings,2023-02-12,97755,4.2
1082,865,8,Savings,2020-06-13,258344,5.94
1083,866,16,Current,2019-11-09,199969,5.13
1084,867,19,Current,2021-01-25,277940,9.96
1085,868,20,Current,2022-02-13,168801,6.64
1086,869,9,Fixed,2021-10-08,245286,9.54
1087,869,6,Current,2019-10-28,138409,8.84
1088,870,18,Current,2023-06-09,177757,4.58
1089,870,11,Fixed,2018-12-12,274451,4.38
1090,871,14,Fixed,2016-04-14,145793,9.79
1091,872,4,Savings,2021-02-16,83089,8.98
1092,873,18,Fixed,2019-04-26,81530,4.76
1093,874,10,Current,2020-11-21,141127,7.32
1094,875,3,Fixed,2018-01-17,296297,6.39
1095,876,17,Savings,2017-08-03,296742,9.04
1096,877,1,Savings,2019-12-20,108158,7.15
1097,878,5,Fixed,2021-12-13,254455,7.15
1098,879,18,Current,2022-01-18,259783,5.38
1099,880,17,Savings,2020-03-13,298293,4.95
1100,881,6,Fixed,2023-02-11,228361,9.15
1101,882,5,Fixed,2022-11-02,109312,6.54
1102,883,9,Savings,2020-06-29,103004,5.78
1103,884,17,Current,2021-05-05,286180,6.81
1104,885,10,Savings,2016-11-02,85683,5.51
1105,885,10,Savings,2022-11-16,195688,7.56
1106,886,2,Current,2017-07-28,67515,4.86
1107,887,6,Savings,2020-05-21,265598,8.72
1108,888,14,Current,2022-08-19,219367,5.16
1109,889,12,Savings,2018-07-15,268714,9.78
1110,890,5,Current,2017-05-20,122408,8.36
1111,891,5,Savings,2020-12-21,203597,4.85
1112,892,11,Savings,2023-02-21,122212,4.7
1113,892,17,Savings,2023-01-18,131568,7.59
1114,893,15,Current,2017-05-26,110864,7.25
1115,893,15,Savings,2016-10-15,209917,9.28
1116,894,11,Current,2016-06-16,247722,6.29
1117,895,9,Savings,2023-01-11,283600,6.8
1118,896,6,Fixed,2023-10-03,203348,9.19
1119,897,10,Savings,2021-11-11,177743,4.62
1120,898,20,Fixed,2020-01-25,241826,5.45
1121,898,16,Fixed,2020-11-06,272813,6.53
1122,899,4,Current,2024-02-13,217263,8.39
1123,900,9,Fixed,2021-09-11,287169,5.97
1124,901,12,Savings,2016-02-22,1353814,4.61
1125,902,8,Fixed,2021-07-20,2336539,5.33
1126,903,9,Savings,2023-12-12,2119350,6.93
1127,904,19,Current,2022-10-20,2844435,7.11
1128,905,2,Fixed,2017-03-17,1904687,7.54
1129,906,4,Fixed,2017-01-23,2995585,4.7
1130,906,12,Fixed,2023-07-18,1300820,8.26
1131,907,14,Current,2024-01-21,2832544,8.47
1132,907,15,Current,2022-06-06,1756700,9.18
1133,908,13,Fixed,2020-11-03,456347,8.01
1134,909,7,Fixed,2018-01-10,407544,4.14
1135,910,4,Current,2020-08-15,1679767,8.81
1136,911,9,Current,2023-08-29,2215216,6.06
1137,912,9,Current,2016-07-14,1343127,5.95
1138,913,9,Savings,2018-05-07,2962574,7.35
1139,914,11,Fixed,2020-07-01,2595449,8.52
1140,915,16,Savings,2019-09-29,1021663,6.11
1141,916,8,Current,2019-06-06,2557520,4.61
1142,917,13,Current,2022-12-21,679301,6.98
1143,918,13,Savings,2018-12-20,1080946,9.14
1144,918,12,Current,2020-11-28,2336085,9.37
1145,919,6,Current,2016-03-06,967806,4.67
1146,919,10,Fixed,2023-11-08,2740442,7.85
1147,920,18,Fixed,2017-12-29,1542368,6.39
1148,921,7,Savings,2017-01-05,618495,8.27
1149,921,9,Savings,2024-01-11,1997170,6.04
1150,922,13,Savings,2020-04-26,1783943,4.62
1151,923,20,Fixed,2016-12-02,1532757,5.94
1152,923,15,Savings,2018-10-04,1242983,7.29
1153,924,1,Current,2018-07-08,1448351,9.0
1154,924,8,Savings,2020-12-08,1218448,7.89
1155,925,5,Savings,2019-04-30,1205835,5.46
1156,926,20,Current,2020-12-02,387132,6.49
1157,927,19,Savings,2020-08-15,2612010,5.12
1158,928,19,Current,2023-01-13,2475046,7.45
1159,929,9,Fixed,2020-01-30,1923630,8.82
1160,930,14,Current,2020-02-02,1405439,9.4
1161,931,11,Fixed,2020-01-02,1284427,4.46
1162,932,11,Fixed,2018-10-08,864103,8.77
1163,932,5,Savings,2021-09-09,2728327,8.25
1164,933,11,Savings,2022-10-10,2545462,5.37
1165,933,18,Savings,2021-03-20,1761055,5.61
1166,934,15,Fixed,2020-11-28,523143,6.98
1167,935,3,Savings,2016-03-31,2129489,7.36
1168,936,2,Current,2021-05-06,2644599,9.21
1169,937,3,Fixed,2019-12-22,920254,4.39
1170,938,19,Current,2024-02-28,1458006,4.17
1171,938,16,Current,2023-11-24,2807097,8.59
1172,939,13,Savings,2023-06-03,859338,6.71
1173,940,10,Current,2018-08-10,2558195,7.42
1174,941,14,Savings,2022-01-19,2430517,9.88
1175,942,11,Savings,2022-11-01,2761521,4.32
1176,943,19,Savings,2016-10-17,1803026,7.68
1177,944,14,Fixed,2017-10-22,2522024,8.4
1178,944,20,Savings,2018-01-12,1343540,4.18
1179,945,4,Current,2016-12-30,2376075,4.56
1180,946,19,Fixed,2023-09-08,1992633,6.32
1181,947,13,Fixed,2021-04-27,2009490,4.83
1182,948,6,Savings,2019-06-28,1739885,6.13
1183,948,9,Current,2017-01-06,2105064,5.11
1184,949,7,Savings,2019-12-09,1983710,9.91
1185,949,3,Current,2021-01-24,2955025,8.51
1186,950,9,Savings,2022-10-18,2497258,4.37
1187,951,2,Fixed,2020-03-08,2636765,4.57
1188,952,17,Savings,2016-01-20,307251,5.96
1189,953,1,Fixed,2022-04-26,1584563,6.25
1190,954,6,Savings,2023-02-20,591039,7.73
1191,954,18,Savings,2019-11-15,1062468,4.58
1192,955,20,Current,2022-06-09,948737,5.06
1193,956,6,Fixed,2017-09-01,2148419,8.89
1194,957,1,Fixed,2016-06-07,2166911,9.61
1195,958,10,Current,2017-03-17,804503,6.09
1196,959,19,Fixed,2017-11-16,1056722,9.4
1197,960,7,Fixed,2017-09-27,2387299,9.98
1198,961,15,Fixed,2022-02-22,1715144,8.99
1199,962,4,Fixed,2022-03-21,2178777,4.39
1200,963,12,Savings,2018-09-07,1332730,9.76
1201,964,7,Current,2016-06-19,2358430,6.15
1202,965,19,Savings,2021-10-30,2315041,4.55
1203,966,17,Fixed,2022-06-13,1644496,8.21
1204,967,13,Fixed,2023-03-19,2488054,5.21
1205,968,5,Current,2018-03-22,1643504,5.76
1206,969,14,Current,2020-11-17,2927057,6.26
1207,970,1,Current,2017-03-03,2357160,5.93
1208,971,20,Current,2019-06-06,2330481,6.99
1209,972,2,Fixed,2016-06-19,1504578,5.13
1210,972,10,Fixed,2022-05-28,674079,7.26
1211,973,11,Fixed,2016-07-15,2988265,7.21
1212,974,10,Current,2018-02-10,498002,6.11
1213,975,2,Fixed,2020-11-11,2555544,8.43
1214,976,6,Fixed,2020-02-27,2497750,8.09
1215,977,7,Savings,2021-02-15,487572,9.7
1216,978,11,Savings,2024-01-03,1229319,5.22
1217,979,19,Fixed,2022-11-15,1167117,4.09
1218,980,7,Fixed,2017-04-21,1900079,9.55
1219,981,8,Fixed,2019-09-16,319875,9.91
1220,982,8,Current,2020-07-04,1935425,4.27
1221,982,20,Savings,2022-12-21,894204,8.01
1222,983,19,Fixed,2023-01-08,2073522,5.86
1223,984,14,Fixed,2016-02-11,1443429,6.5
1224,985,13,Current,2018-02-15,2034931,8.9
1225,986,9,Fixed,2016-02-12,2347728,7.76
1226,987,2,Fixed,2021-01-13,1958715,4.77
1227,988,3,Fixed,2017-04-13,1235223,4.69
1228,989,3,Savings,2022-01-08,2349071,5.96
1229,990,13,Current,2022-01-05,1375835,5.72
1230,990,9,Savings,2017-05-04,2691207,6.37
1231,991,3,Fixed,2021-08-01,1147778,5.2
1232,991,2,Current,2021-05-15,2473595,4.66
1233,992,2,Current,2018-01-25,1259006,4.5
1234,993,8,Current,2022-11-25,582697,6.23
1235,994,15,Fixed,2016-06-17,898773,7.98
1236,995,7,Savings,2024-02-17,2412332,5.91
1237,996,1,Savings,2019-10-30,2685725,9.16
1238,997,6,Current,2021-03-07,1351940,5.2
1239,997,13,Current,2017-09-19,536676,9.68
1240,998,3,Savings,2018-01-23,2420617,7.76
1241,999,15,Savings,2020-12-09,1708819,4.42
1242,999,20,Fixed,2019-03-24,1330859,7.34
1243,1000,18,Current,2016-08-20,901309,4.67
