Loan_ID,Customer_ID,Loan_Type,Loan_Amount,Interest_Rate,Start_Date,End_Date,Installment_Value,Loan_Status
1,673,Mortgage,218295,14.74,2022-08-07,2027-08-06,3638.25,Active
2,34,Mortgage,182158,17.53,2019-11-27,2024-11-25,3035.97,Active
3,752,Personal,538363,17.31,2018-06-07,2023-06-06,8972.72,Active
4,612,Car,395012,11.02,2018-01-25,2023-01-24,6583.53,Active
5,180,Mortgage,35313,11.84,2022-05-07,2027-05-06,588.55,Active
6,664,Mortgage,385424,14.82,2018-05-25,2023-05-24,6423.73,Closed
7,578,Mortgage,25188,15.51,2023-05-06,2028-05-04,419.8,Active
8,872,Car,446189,17.37,2022-05-04,2027-05-03,7436.48,Active
9,678,Mortgage,399214,12.75,2023-07-03,2028-07-01,6653.57,Active
10,832,Personal,627085,14.18,2023-05-17,2028-05-15,10451.42,Active
11,514,Personal,114407,13.01,2020-07-05,2025-07-04,1906.78,Active
12,155,Car,65705,17.17,2022-05-11,2027-05-10,1095.08,Closed
13,48,Car,116489,16.64,2018-03-27,2023-03-26,1941.48,Active
14,799,Car,300977,13.87,2018-06-24,2023-06-23,5016.28,Active
15,177,Car,161950,11.88,2020-07-18,2025-07-17,2699.17,Closed
16,545,Personal,184233,17.59,2021-12-16,2026-12-15,3070.55,Active
17,4,Car,130399,16.13,2022-09-08,2027-09-07,2173.32,Active
18,833,Car,615455,13.54,2022-05-11,2027-05-10,10257.58,Active
19,470,Personal,105461,16.06,2022-06-22,2027-06-21,1757.68,Active
20,695,Personal,365917,15.99,2020-10-04,2025-10-03,6098.62,Active
21,182,Mortgage,168999,15.62,2020-03-08,2025-03-07,2816.65,Active
22,260,Car,182234,14.84,2022-01-28,2027-01-27,3037.23,Closed
23,256,Mortgage,127009,13.15,2022-03-16,2027-03-15,2116.82,Closed
24,315,Car,122977,11.76,2019-08-02,2024-07-31,2049.62,Closed
25,244,Car,190980,17.33,2023-01-27,2028-01-26,3183.0,Closed
26,494,Personal,183471,12.4,2022-08-16,2027-08-15,3057.85,Active
27,57,Personal,108521,15.62,2024-03-09,2029-03-08,1808.68,Closed
28,436,Personal,155659,17.6,2022-11-04,2027-11-03,2594.32,Active
29,810,Car,174993,14.97,2020-04-25,2025-04-24,2916.55,Active
30,373,Mortgage,65178,15.76,2021-01-24,2026-01-23,1086.3,Active
31,342,Mortgage,60856,16.47,2022-07-05,2027-07-04,1014.27,Active
32,687,Car,357418,13.22,2019-09-10,2024-09-08,5956.97,Active
33,252,Car,84408,13.21,2019-06-19,2024-06-17,1406.8,Defaulted
34,105,Mortgage,180517,15.4,2023-12-14,2028-12-12,3008.62,Active
35,190,Personal,29254,11.6,2019-02-02,2024-02-01,487.57,Active
36,471,Car,22272,16.97,2018-08-05,2023-08-04,371.2,Active
37,25,Personal,102128,16.21,2022-01-01,2026-12-31,1702.13,Closed
38,491,Personal,75839,13.54,2021-06-13,2026-06-12,1263.98,Active
39,995,Car,2123303,14.33,2024-07-17,2029-07-16,35388.38,Closed
40,405,Car,65932,11.71,2021-04-01,2026-03-31,1098.87,Active
41,280,Personal,167295,12.14,2019-10-17,2024-10-15,2788.25,Active
42,439,Mortgage,51048,13.87,2023-12-21,2028-12-19,850.8,Active
43,283,Mortgage,167236,14.29,2024-03-12,2029-03-11,2787.27,Closed
44,757,Personal,444895,15.65,2020-10-18,2025-10-17,7414.92,Active
45,148,Personal,58442,16.29,2022-12-28,2027-12-27,974.03,Active
46,134,Car,55546,13.66,2022-04-10,2027-04-09,925.77,Active
47,863,Mortgage,328738,15.82,2018-03-23,2023-03-22,5478.97,Active
48,873,Mortgage,529987,15.0,2022-12-12,2027-12-11,8833.12,Active
49,128,Car,137265,17.63,2018-03-23,2023-03-22,2287.75,Active
50,680,Personal,510530,17.21,2021-10-23,2026-10-22,8508.83,Active
51,255,Personal,38059,15.37,2019-12-27,2024-12-25,634.32,Active
52,928,Personal,3641108,11.78,2022-06-01,2027-05-31,60685.13,Active
53,465,Mortgage,195349,13.24,2020-03-18,2025-03-17,3255.82,Active
54,641,Mortgage,237108,17.88,2021-12-23,2026-12-22,3951.8,Active
55,83,Mortgage,149695,17.24,2018-03-07,2023-03-06,2494.92,Closed
56,628,Car,588030,16.96,2019-11-24,2024-11-22,9800.5,Active
57,993,Car,1605403,17.87,2023-10-04,2028-10-02,26756.72,Closed
58,95,Car,26145,17.34,2023-06-29,2028-06-27,435.75,Closed
59,230,Mortgage,33634,13.15,2020-09-05,2025-09-04,560.57,Active
60,384,Car,137684,11.28,2022-11-09,2027-11-08,2294.73,Closed
61,94,Mortgage,192148,11.56,2023-02-20,2028-02-19,3202.47,Active
62,45,Personal,164513,17.1,2018-05-09,2023-05-08,2741.88,Defaulted
63,600,Mortgage,183622,15.02,2018-02-13,2023-02-12,3060.37,Active
64,475,Personal,99353,17.33,2022-04-09,2027-04-08,1655.88,Active
65,201,Personal,119619,15.87,2022-05-10,2027-05-09,1993.65,Closed
66,685,Car,433412,13.57,2022-03-17,2027-03-16,7223.53,Defaulted
67,112,Car,154370,15.95,2022-10-05,2027-10-04,2572.83,Closed
68,669,Mortgage,288768,12.83,2021-11-19,2026-11-18,4812.8,Active
69,787,Car,352273,12.87,2023-06-26,2028-06-24,5871.22,Active
70,989,Mortgage,2686909,17.39,2018-12-14,2023-12-13,44781.82,Closed
71,96,Personal,153376,16.68,2019-04-10,2024-04-08,2556.27,Active
72,135,Personal,48062,12.24,2020-09-22,2025-09-21,801.03,Closed
73,6,Mortgage,37028,16.61,2019-09-23,2024-09-21,617.13,Closed
74,427,Personal,42907,16.06,2018-11-05,2023-11-04,715.12,Active
75,576,Personal,109426,15.08,2018-10-16,2023-10-15,1823.77,Active
76,343,Mortgage,140786,11.74,2021-09-17,2026-09-16,2346.43,Active
77,866,Mortgage,277903,11.97,2018-08-19,2023-08-18,4631.72,Active
78,958,Personal,3929219,11.64,2018-11-29,2023-11-28,65486.98,Closed
79,964,Car,1184139,16.54,2018-01-16,2023-01-15,19735.65,Active
80,733,Personal,394397,16.02,2020-05-11,2025-05-10,6573.28,Closed
81,659,Mortgage,555695,14.71,2021-08-05,2026-08-04,9261.58,Active
82,101,Mortgage,144792,17.92,2020-03-19,2025-03-18,2413.2,Defaulted
83,949,Car,3339474,13.02,2020-02-02,2025-01-31,55657.9,Active
84,457,Personal,197251,14.1,2024-08-21,2029-08-20,3287.52,Active
85,563,Personal,153060,12.23,2018-01-26,2023-01-25,2551.0,Active
86,254,Personal,71831,17.15,2020-12-14,2025-12-13,1197.18,Closed
87,503,Mortgage,170846,11.87,2020-02-15,2025-02-13,2847.43,Closed
88,469,Personal,39865,16.94,2020-02-10,2025-02-08,664.42,Closed
89,785,Car,388777,15.45,2019-10-28,2024-10-26,6479.62,Active
90,502,Mortgage,175270,13.89,2021-04-30,2026-04-29,2921.17,Active
91,247,Personal,187928,13.99,2021-03-15,2026-03-14,3132.13,Active
92,861,Mortgage,511506,11.05,2020-09-13,2025-09-12,8525.1,Active
93,938,Car,3666936,16.28,2020-10-27,2025-10-26,61115.6,Active
94,219,Personal,36948,14.46,2018-09-10,2023-09-09,615.8,Defaulted
95,472,Personal,35834,15.72,2022-10-28,2027-10-27,597.23,Defaulted
96,548,Mortgage,136898,15.72,2018-02-19,2023-02-18,2281.63,Defaulted
97,139,Car,103466,15.89,2024-08-06,2029-08-05,1724.43,Closed
98,944,Mortgage,3339679,12.84,2018-09-27,2023-09-26,55661.32,Active
99,348,Car,103640,16.2,2023-01-21,2028-01-20,1727.33,Active
100,830,Car,653787,13.1,2022-02-26,2027-02-25,10896.45,Active
101,534,Mortgage,148211,17.99,2021-07-07,2026-07-06,2470.18,Closed
102,300,Mortgage,69882,12.19,2020-07-23,2025-07-22,1164.7,Active
103,864,Car,520037,17.16,2022-08-06,2027-08-05,8667.28,Active
104,104,Car,105031,17.08,2022-07-10,2027-07-09,1750.52,Active
105,583,Personal,141737,11.99,2023-01-27,2028-01-26,2362.28,Active
106,23,Personal,121073,17.11,2022-09-15,2027-09-14,2017.88,Defaulted
107,486,Mortgage,103027,12.05,2022-04-12,2027-04-11,1717.12,Closed
108,726,Car,533474,16.54,2018-02-27,2023-02-26,8891.23,Active
109,614,Mortgage,331172,17.62,2019-09-11,2024-09-09,5519.53,Defaulted
110,248,Personal,76883,13.74,2019-01-24,2024-01-23,1281.38,Closed
111,826,Car,307181,12.38,2021-01-14,2026-01-13,5119.68,Active
112,769,Personal,671480,13.12,2022-05-26,2027-05-25,11191.33,Active
113,263,Personal,164003,12.33,2021-02-11,2026-02-10,2733.38,Active
114,691,Car,673382,17.63,2022-11-08,2027-11-07,11223.03,Active
115,623,Mortgage,317584,11.42,2023-06-20,2028-06-18,5293.07,Defaulted
116,920,Car,1244644,15.94,2018-10-02,2023-10-01,20744.07,Active
117,462,Personal,179335,12.65,2021-03-31,2026-03-30,2988.92,Defaulted
118,362,Car,149559,14.43,2020-06-05,2025-06-04,2492.65,Active
119,816,Car,472969,15.41,2019-10-12,2024-10-10,7882.82,Active
120,892,Mortgage,599836,11.91,2019-05-15,2024-05-13,9997.27,Active
121,442,Mortgage,93897,13.61,2021-10-29,2026-10-28,1564.95,Active
122,55,Mortgage,53589,17.79,2022-02-22,2027-02-21,893.15,Active
123,699,Car,216191,13.59,2018-03-14,2023-03-13,3603.18,Closed
124,238,Car,84516,15.82,2020-05-07,2025-05-06,1408.6,Active
125,796,Car,477718,14.88,2023-05-05,2028-05-03,7961.97,Active
126,645,Personal,497142,17.76,2020-03-07,2025-03-06,8285.7,Active
127,985,Personal,3453659,15.96,2024-06-02,2029-06-01,57560.98,Active
128,532,Personal,179747,14.42,2020-08-28,2025-08-27,2995.78,Active
129,619,Car,642571,14.58,2018-03-21,2023-03-20,10709.52,Active
130,464,Personal,45056,15.37,2022-04-23,2027-04-22,750.93,Active
131,205,Car,41314,14.24,2023-12-08,2028-12-06,688.57,Active
132,579,Car,89732,13.73,2018-10-02,2023-10-01,1495.53,Active
133,30,Mortgage,70641,12.0,2021-02-05,2026-02-04,1177.35,Active
134,321,Personal,35472,12.56,2023-04-25,2028-04-23,591.2,Active
135,735,Car,153201,16.77,2021-09-02,2026-09-01,2553.35,Active
136,780,Personal,655993,16.49,2024-04-20,2029-04-19,10933.22,Closed
137,413,Car,103895,15.23,2023-06-09,2028-06-07,1731.58,Closed
138,333,Mortgage,160590,12.32,2020-03-30,2025-03-29,2676.5,Active
139,215,Personal,176653,13.07,2024-10-14,2029-10-13,2944.22,Active
140,715,Mortgage,213504,16.59,2020-03-09,2025-03-08,3558.4,Defaulted
141,483,Car,94044,13.96,2020-10-13,2025-10-12,1567.4,Closed
142,58,Car,22861,12.43,2021-05-06,2026-05-05,381.02,Active
143,884,Personal,460486,15.56,2018-04-14,2023-04-13,7674.77,Closed
144,508,Car,130473,14.25,2018-11-19,2023-11-18,2174.55,Active
145,637,Mortgage,304785,13.67,2023-01-04,2028-01-03,5079.75,Active
146,211,Car,61150,16.31,2024-08-29,2029-08-28,1019.17,Active
147,368,Car,48244,12.93,2021-01-25,2026-01-24,804.07,Active
148,651,Personal,625354,15.11,2021-03-12,2026-03-11,10422.57,Defaulted
149,732,Personal,488484,11.37,2018-03-11,2023-03-10,8141.4,Closed
150,915,Car,2169599,13.58,2024-03-13,2029-03-12,36159.98,Active
151,707,Mortgage,480583,11.18,2022-03-17,2027-03-16,8009.72,Active
152,197,Car,133838,12.25,2021-08-19,2026-08-18,2230.63,Active
153,13,Mortgage,180715,12.98,2018-05-22,2023-05-21,3011.92,Active
154,70,Personal,168273,17.18,2024-05-17,2029-05-16,2804.55,Closed
155,496,Car,34643,11.45,2019-06-25,2024-06-23,577.38,Active
156,865,Personal,221192,11.72,2019-07-28,2024-07-26,3686.53,Active
157,946,Personal,1485272,16.28,2020-08-20,2025-08-19,24754.53,Closed
158,396,Personal,113606,13.89,2021-10-17,2026-10-16,1893.43,Active
159,927,Car,3949296,13.8,2018-10-12,2023-10-11,65821.6,Closed
160,97,Car,36292,15.49,2023-11-20,2028-11-18,604.87,Active
161,249,Mortgage,123806,16.76,2019-09-27,2024-09-25,2063.43,Defaulted
162,109,Personal,74330,11.81,2023-01-12,2028-01-11,1238.83,Active
163,32,Personal,88355,11.4,2020-07-20,2025-07-19,1472.58,Active
164,174,Personal,199181,11.37,2024-04-03,2029-04-02,3319.68,Active
165,609,Personal,386474,11.3,2023-05-15,2028-05-13,6441.23,Active
166,212,Personal,80991,14.5,2019-09-18,2024-09-16,1349.85,Closed
167,209,Mortgage,104659,15.69,2022-05-07,2027-05-06,1744.32,Closed
168,587,Car,25047,14.45,2023-09-21,2028-09-19,417.45,Active
169,613,Personal,585094,11.28,2024-03-02,2029-03-01,9751.57,Active
170,860,Personal,187754,15.08,2020-05-05,2025-05-04,3129.23,Active
171,393,Mortgage,21874,11.56,2021-12-02,2026-12-01,364.57,Active
172,878,Personal,535999,13.78,2023-09-17,2028-09-15,8933.32,Active
173,704,Personal,309651,17.41,2024-01-06,2029-01-04,5160.85,Closed
174,624,Mortgage,445087,13.62,2020-12-24,2025-12-23,7418.12,Active
175,67,Personal,121821,16.28,2019-10-17,2024-10-15,2030.35,Active
176,296,Personal,87181,13.29,2021-10-02,2026-10-01,1453.02,Active
177,297,Personal,88247,15.55,2022-05-28,2027-05-27,1470.78,Closed
178,890,Car,623589,15.22,2018-04-29,2023-04-28,10393.15,Closed
179,400,Car,190762,12.43,2023-09-28,2028-09-26,3179.37,Defaulted
180,880,Car,268167,16.63,2018-06-20,2023-06-19,4469.45,Active
181,804,Mortgage,365569,16.15,2020-03-30,2025-03-29,6092.82,Active
182,292,Mortgage,98278,16.73,2020-05-27,2025-05-26,1637.97,Closed
183,850,Personal,528471,15.53,2023-03-15,2028-03-13,8807.85,Closed
184,78,Car,80243,12.52,2024-05-10,2029-05-09,1337.38,Active
185,138,Personal,26242,12.51,2021-06-23,2026-06-22,437.37,Closed
186,597,Personal,67426,14.5,2021-09-29,2026-09-28,1123.77,Closed
187,812,Car,557446,17.89,2021-09-02,2026-09-01,9290.77,Active
188,458,Car,177761,14.36,2019-11-08,2024-11-06,2962.68,Closed
189,555,Mortgage,176431,17.0,2021-03-14,2026-03-13,2940.52,Active
190,737,Mortgage,410590,11.75,2018-11-15,2023-11-14,6843.17,Active
191,327,Mortgage,20070,11.35,2018-05-08,2023-05-07,334.5,Active
192,369,Personal,22939,13.12,2021-01-28,2026-01-27,382.32,Closed
193,149,Personal,119987,11.68,2024-05-15,2029-05-14,1999.78,Closed
194,235,Mortgage,116482,12.34,2020-05-31,2025-05-30,1941.37,Closed
195,839,Personal,593721,12.96,2022-03-08,2027-03-07,9895.35,Active
196,456,Car,191344,16.39,2018-04-02,2023-04-01,3189.07,Closed
197,337,Personal,51477,12.84,2021-05-22,2026-05-21,857.95,Closed
198,566,Mortgage,73651,16.21,2019-05-08,2024-05-06,1227.52,Closed
199,409,Car,198737,12.22,2018-05-05,2023-05-04,3312.28,Closed
200,932,Mortgage,1272223,12.64,2018-12-19,2023-12-18,21203.72,Closed
201,452,Car,171985,12.89,2024-04-02,2029-04-01,2866.42,Active
202,415,Personal,167647,16.12,2023-05-19,2028-05-17,2794.12,Active
203,647,Personal,310741,13.78,2020-06-01,2025-05-31,5179.02,Active
204,417,Personal,118939,14.48,2018-05-03,2023-05-02,1982.32,Active
205,202,Personal,142080,17.81,2022-08-17,2027-08-16,2368.0,Active
206,167,Mortgage,171194,11.44,2018-06-30,2023-06-29,2853.23,Closed
207,633,Mortgage,444464,14.35,2021-02-27,2026-02-26,7407.73,Active
208,487,Mortgage,90067,12.9,2018-04-10,2023-04-09,1501.12,Active
209,569,Mortgage,69301,14.14,2020-08-19,2025-08-18,1155.02,Closed
210,512,Mortgage,20510,16.85,2018-06-30,2023-06-29,341.83,Active
211,50,Mortgage,134122,14.42,2024-04-08,2029-04-07,2235.37,Active
212,68,Car,80691,13.55,2018-07-13,2023-07-12,1344.85,Active
213,768,Car,535138,14.81,2023-02-12,2028-02-11,8918.97,Active
214,91,Mortgage,117849,14.86,2022-03-01,2027-02-28,1964.15,Active
215,406,Mortgage,58193,15.48,2021-08-06,2026-08-05,969.88,Active
216,49,Mortgage,126693,13.81,2019-12-14,2024-12-12,2111.55,Active
217,730,Car,640192,12.03,2021-11-24,2026-11-23,10669.87,Closed
218,960,Mortgage,3621331,14.8,2023-07-19,2028-07-17,60355.52,Active
219,631,Personal,527832,15.22,2022-11-04,2027-11-03,8797.2,Closed
220,253,Car,56081,15.52,2021-09-25,2026-09-24,934.68,Active
221,499,Mortgage,138166,12.15,2024-01-18,2029-01-16,2302.77,Active
222,504,Mortgage,31208,17.43,2021-11-07,2026-11-06,520.13,Closed
223,540,Mortgage,183856,13.39,2019-08-18,2024-08-16,3064.27,Active
224,388,Mortgage,185857,11.98,2019-10-16,2024-10-14,3097.62,Active
225,446,Personal,73952,16.76,2022-06-12,2027-06-11,1232.53,Active
226,15,Mortgage,49328,11.29,2023-08-16,2028-08-14,822.13,Active
227,766,Personal,258858,12.78,2024-06-15,2029-06-14,4314.3,Active
228,351,Mortgage,164296,12.59,2019-11-06,2024-11-04,2738.27,Active
229,959,Car,3776919,11.82,2021-10-03,2026-10-02,62948.65,Active
230,408,Car,117864,14.66,2024-02-25,2029-02-23,1964.4,Active
231,997,Mortgage,2447521,13.46,2020-06-16,2025-06-15,40792.02,Closed
232,286,Personal,126954,15.48,2019-03-12,2024-03-10,2115.9,Closed
233,500,Mortgage,138922,17.27,2019-09-30,2024-09-28,2315.37,Defaulted
234,150,Mortgage,69369,16.6,2018-01-03,2023-01-02,1156.15,Active
235,819,Personal,669257,15.86,2019-08-15,2024-08-13,11154.28,Closed
236,893,Car,471447,13.12,2020-09-17,2025-09-16,7857.45,Active
237,123,Mortgage,74852,11.68,2024-01-29,2029-01-27,1247.53,Active
238,954,Personal,1601139,11.22,2018-04-07,2023-04-06,26685.65,Active
239,955,Personal,1307827,16.79,2020-04-28,2025-04-27,21797.12,Closed
240,173,Personal,198384,12.77,2018-10-20,2023-10-19,3306.4,Active
241,818,Car,274731,15.63,2022-09-25,2027-09-24,4578.85,Active
242,172,Car,22770,13.4,2024-09-13,2029-09-12,379.5,Active
243,549,Car,118281,14.0,2020-05-03,2025-05-02,1971.35,Closed
244,828,Personal,651680,15.75,2024-08-27,2029-08-26,10861.33,Closed
245,554,Car,28262,13.46,2023-08-10,2028-08-08,471.03,Closed
246,444,Car,87051,16.27,2023-04-24,2028-04-22,1450.85,Active
247,696,Mortgage,252767,15.11,2022-09-28,2027-09-27,4212.78,Active
248,708,Personal,518107,13.66,2023-07-02,2028-06-30,8635.12,Active
249,36,Car,147781,12.77,2018-12-22,2023-12-21,2463.02,Active
250,621,Personal,246520,16.07,2018-12-06,2023-12-05,4108.67,Active
251,42,Car,185491,13.66,2019-01-21,2024-01-20,3091.52,Closed
252,189,Mortgage,108442,17.89,2020-09-15,2025-09-14,1807.37,Defaulted
253,747,Car,186010,14.87,2021-08-15,2026-08-14,3100.17,Closed
254,241,Mortgage,138279,13.87,2020-06-06,2025-06-05,2304.65,Closed
255,56,Mortgage,22698,17.04,2019-06-10,2024-06-08,378.3,Defaulted
256,745,Car,179607,11.48,2023-09-05,2028-09-03,2993.45,Active
257,71,Car,67509,15.88,2023-03-13,2028-03-11,1125.15,Active
258,322,Mortgage,121758,16.07,2024-01-04,2029-01-02,2029.3,Defaulted
259,862,Personal,415503,15.89,2024-07-26,2029-07-25,6925.05,Active
260,74,Car,148738,13.05,2019-12-14,2024-12-12,2478.97,Closed
261,702,Car,320651,15.21,2018-06-13,2023-06-12,5344.18,Active
262,509,Mortgage,131865,12.08,2019-03-26,2024-03-24,2197.75,Active
263,858,Car,230552,14.4,2020-03-26,2025-03-25,3842.53,Closed
264,767,Mortgage,155969,16.65,2022-05-06,2027-05-05,2599.48,Closed
265,479,Personal,66302,13.12,2022-03-24,2027-03-23,1105.03,Closed
266,875,Mortgage,384275,15.08,2021-10-24,2026-10-23,6404.58,Active
267,158,Mortgage,149329,14.11,2020-07-25,2025-07-24,2488.82,Closed
268,701,Personal,271728,11.97,2019-02-20,2024-02-19,4528.8,Active
269,144,Personal,178651,14.07,2024-04-24,2029-04-23,2977.52,Active
270,438,Personal,116121,15.96,2022-10-28,2027-10-27,1935.35,Active
271,849,Personal,536178,13.93,2024-02-05,2029-02-03,8936.3,Active
272,889,Car,185165,14.9,2021-02-16,2026-02-15,3086.08,Active
273,518,Personal,130691,11.61,2018-10-02,2023-10-01,2178.18,Defaulted
274,627,Car,525015,14.55,2023-04-29,2028-04-27,8750.25,Closed
275,52,Personal,83761,11.17,2019-07-18,2024-07-16,1396.02,Active
276,275,Personal,42643,15.65,2024-05-25,2029-05-24,710.72,Active
277,906,Car,2671087,14.9,2024-02-15,2029-02-13,44518.12,Closed
278,277,Mortgage,145273,12.3,2018-10-01,2023-09-30,2421.22,Defaulted
279,533,Mortgage,128332,11.28,2019-04-20,2024-04-18,2138.87,Closed
280,51,Car,73070,11.93,2019-08-27,2024-08-25,1217.83,Active
281,203,Car,122422,11.42,2018-02-15,2023-02-14,2040.37,Active
282,281,Mortgage,23189,15.66,2019-04-07,2024-04-05,386.48,Active
283,786,Personal,159287,13.24,2021-05-27,2026-05-26,2654.78,Active
284,505,Personal,83878,12.32,2023-05-22,2028-05-20,1397.97,Active
285,951,Car,2791285,12.5,2023-05-14,2028-05-12,46521.42,Closed
286,841,Mortgage,330793,15.43,2022-05-08,2027-05-07,5513.22,Active
287,43,Personal,161925,15.67,2018-10-18,2023-10-17,2698.75,Active
288,638,Personal,684635,14.34,2019-08-19,2024-08-17,11410.58,Active
289,511,Personal,39029,12.73,2024-05-07,2029-05-06,650.48,Active
290,435,Personal,128398,16.8,2022-01-21,2027-01-20,2139.97,Active
291,994,Car,2504529,11.3,2018-09-02,2023-09-01,41742.15,Active
292,618,Personal,486055,12.35,2022-06-05,2027-06-04,8100.92,Active
293,154,Car,117958,15.25,2022-05-20,2027-05-19,1965.97,Closed
294,221,Car,78909,15.3,2019-06-06,2024-06-04,1315.15,Defaulted
295,513,Mortgage,153574,17.1,2022-07-24,2027-07-23,2559.57,Active
296,547,Personal,186551,15.19,2019-10-07,2024-10-05,3109.18,Active
297,85,Personal,95399,14.03,2023-07-30,2028-07-28,1589.98,Closed
298,937,Personal,929662,14.93,2022-09-06,2027-09-05,15494.37,Active
299,265,Car,58158,12.94,2018-06-13,2023-06-12,969.3,Active
300,110,Mortgage,93618,16.65,2023-03-18,2028-03-16,1560.3,Closed
301,803,Mortgage,508070,15.24,2021-05-28,2026-05-27,8467.83,Active
302,473,Mortgage,100777,14.41,2023-04-09,2028-04-07,1679.62,Active
303,291,Mortgage,174549,15.24,2024-04-13,2029-04-12,2909.15,Active
304,703,Car,293935,11.64,2023-04-07,2028-04-05,4898.92,Active
305,441,Mortgage,148365,14.62,2021-11-03,2026-11-02,2472.75,Active
306,632,Mortgage,215991,12.88,2020-10-27,2025-10-26,3599.85,Closed
307,625,Mortgage,434427,14.59,2021-03-29,2026-03-28,7240.45,Active
308,347,Personal,102064,14.96,2021-08-20,2026-08-19,1701.07,Active
309,65,Personal,111360,16.78,2021-06-08,2026-06-07,1856.0,Closed
310,820,Car,692818,12.85,2022-08-13,2027-08-12,11546.97,Active
311,213,Mortgage,131109,17.23,2020-02-11,2025-02-09,2185.15,Active
312,346,Personal,56510,15.81,2021-04-23,2026-04-22,941.83,Defaulted
313,870,Mortgage,529046,13.25,2024-02-02,2029-01-31,8817.43,Active
314,601,Mortgage,635166,12.21,2024-07-10,2029-07-09,10586.1,Closed
315,279,Personal,96404,15.19,2020-10-08,2025-10-07,1606.73,Closed
316,729,Mortgage,503760,16.67,2020-01-20,2025-01-18,8396.0,Active
317,19,Car,118303,14.39,2020-10-03,2025-10-02,1971.72,Active
318,603,Car,433891,14.76,2024-05-16,2029-05-15,7231.52,Defaulted
319,132,Mortgage,58362,11.5,2020-11-09,2025-11-08,972.7,Active
320,595,Mortgage,52618,17.89,2022-03-23,2027-03-22,876.97,Closed
321,936,Personal,813703,16.68,2018-09-30,2023-09-29,13561.72,Active
322,522,Car,86797,17.54,2023-07-21,2028-07-19,1446.62,Active
323,77,Car,164348,14.58,2024-07-18,2029-07-17,2739.13,Active
324,398,Car,130229,11.36,2020-03-26,2025-03-25,2170.48,Defaulted
325,331,Mortgage,132120,11.76,2023-06-29,2028-06-27,2202.0,Defaulted
326,269,Car,134602,11.84,2022-05-04,2027-05-03,2243.37,Active
327,963,Car,1559608,16.32,2019-05-19,2024-05-17,25993.47,Active
328,808,Personal,207149,12.94,2018-06-18,2023-06-17,3452.48,Closed
329,169,Car,163783,11.89,2024-01-02,2028-12-31,2729.72,Active
330,447,Personal,45137,11.28,2022-09-30,2027-09-29,752.28,Active
331,567,Personal,193092,11.07,2024-05-09,2029-05-08,3218.2,Closed
332,63,Car,108501,14.01,2021-02-09,2026-02-08,1808.35,Active
333,692,Mortgage,391684,15.23,2020-06-21,2025-06-20,6528.07,Defaulted
334,220,Car,89923,16.89,2024-03-13,2029-03-12,1498.72,Active
335,844,Mortgage,309072,15.09,2018-04-05,2023-04-04,5151.2,Active
336,69,Car,77638,12.42,2019-12-05,2024-12-03,1293.97,Active
337,304,Personal,181558,11.64,2018-03-13,2023-03-12,3025.97,Closed
338,53,Car,180991,11.87,2021-01-09,2026-01-08,3016.52,Active
339,879,Personal,408152,12.69,2022-07-23,2027-07-22,6802.53,Active
340,712,Personal,323688,12.96,2019-12-12,2024-12-10,5394.8,Active
341,622,Mortgage,153322,13.16,2020-09-05,2025-09-04,2555.37,Closed
342,947,Car,3231176,14.12,2024-09-22,2029-09-21,53852.93,Active
343,762,Personal,393459,13.86,2019-02-16,2024-02-15,6557.65,Active
344,857,Personal,615707,16.17,2022-12-18,2027-12-17,10261.78,Closed
345,461,Personal,120787,14.79,2022-04-07,2027-04-06,2013.12,Active
346,784,Mortgage,434922,14.44,2020-04-20,2025-04-19,7248.7,Active
347,76,Car,157346,11.15,2021-11-03,2026-11-02,2622.43,Closed
348,232,Car,153053,15.25,2022-05-08,2027-05-07,2550.88,Active
349,616,Mortgage,541078,11.54,2019-08-15,2024-08-13,9017.97,Closed
350,136,Personal,199117,16.52,2022-03-27,2027-03-26,3318.62,Active
351,26,Car,74298,13.47,2020-06-11,2025-06-10,1238.3,Closed
352,871,Mortgage,437458,13.03,2020-10-15,2025-10-14,7290.97,Active
353,775,Mortgage,392111,17.14,2022-04-04,2027-04-03,6535.18,Active
354,835,Personal,175455,15.52,2024-04-26,2029-04-25,2924.25,Defaulted
355,725,Mortgage,217837,16.6,2023-01-27,2028-01-26,3630.62,Closed
356,914,Car,2431038,13.52,2024-05-30,2029-05-29,40517.3,Active
357,193,Car,25372,16.07,2023-07-04,2028-07-02,422.87,Active
358,290,Car,131185,12.78,2019-01-02,2024-01-01,2186.42,Closed
359,423,Car,79914,17.38,2021-01-07,2026-01-06,1331.9,Active
360,903,Personal,1889928,12.18,2023-05-15,2028-05-13,31498.8,Closed
361,5,Mortgage,173483,14.72,2023-10-20,2028-10-18,2891.38,Closed
362,358,Car,71304,13.55,2018-05-29,2023-05-28,1188.4,Active
363,531,Mortgage,79920,17.41,2019-01-04,2024-01-03,1332.0,Active
364,853,Personal,246864,12.75,2024-03-14,2029-03-13,4114.4,Closed
365,433,Car,157692,12.04,2020-11-11,2025-11-10,2628.2,Active
366,129,Car,57128,17.1,2022-11-21,2027-11-20,952.13,Active
367,341,Car,68764,13.18,2020-07-27,2025-07-26,1146.07,Defaulted
368,488,Personal,156448,17.1,2018-10-01,2023-09-30,2607.47,Active
369,234,Mortgage,182776,15.58,2018-08-02,2023-08-01,3046.27,Closed
370,758,Mortgage,334490,14.29,2021-03-26,2026-03-25,5574.83,Active
371,308,Personal,130956,11.12,2019-11-19,2024-11-17,2182.6,Active
372,451,Mortgage,71219,11.54,2024-10-04,2029-10-03,1186.98,Active
373,385,Personal,46610,14.74,2021-01-07,2026-01-06,776.83,Active
374,151,Car,141251,16.06,2024-03-16,2029-03-15,2354.18,Active
375,885,Personal,310137,12.72,2023-12-26,2028-12-24,5168.95,Active
376,294,Personal,22292,16.36,2021-08-26,2026-08-25,371.53,Closed
377,178,Mortgage,154544,14.53,2018-03-26,2023-03-25,2575.73,Active
378,184,Personal,34902,12.17,2022-06-02,2027-06-01,581.7,Active
379,565,Personal,142963,12.69,2019-10-01,2024-09-29,2382.72,Active
380,662,Car,535027,14.24,2024-06-08,2029-06-07,8917.12,Active
381,185,Mortgage,139260,11.77,2019-12-19,2024-12-17,2321.0,Active
382,403,Mortgage,85068,15.24,2019-10-26,2024-10-24,1417.8,Active
383,684,Car,194327,11.95,2018-10-02,2023-10-01,3238.78,Active
384,217,Mortgage,95288,16.59,2023-03-03,2028-03-01,1588.13,Active
385,126,Mortgage,197609,14.79,2022-06-06,2027-06-05,3293.48,Active
386,299,Car,125879,17.73,2023-11-21,2028-11-19,2097.98,Closed
387,411,Mortgage,156224,15.04,2021-12-20,2026-12-19,2603.73,Active
388,760,Mortgage,574881,17.56,2020-10-26,2025-10-25,9581.35,Active
389,582,Car,63750,11.88,2023-08-23,2028-08-21,1062.5,Active
390,181,Personal,29546,15.2,2020-04-27,2025-04-26,492.43,Active
391,434,Personal,116338,15.23,2021-05-07,2026-05-06,1938.97,Defaulted
392,543,Car,128111,13.1,2022-04-17,2027-04-16,2135.18,Active
393,802,Car,175035,12.39,2021-07-12,2026-07-11,2917.25,Active
394,179,Car,24205,16.43,2020-06-01,2025-05-31,403.42,Active
395,924,Car,3947185,17.06,2019-08-26,2024-08-24,65786.42,Active
396,476,Car,56659,12.71,2021-05-21,2026-05-20,944.32,Active
397,529,Car,24293,12.77,2020-07-19,2025-07-18,404.88,Active
398,895,Mortgage,568632,14.26,2023-03-26,2028-03-24,9477.2,Closed
399,198,Personal,73658,13.91,2023-03-13,2028-03-11,1227.63,Active
400,528,Personal,33460,17.28,2020-10-02,2025-10-01,557.67,Active
401,119,Car,46551,11.37,2021-04-25,2026-04-24,775.85,Active
402,431,Mortgage,141920,17.1,2022-05-03,2027-05-02,2365.33,Active
403,719,Car,231918,13.48,2024-09-16,2029-09-15,3865.3,Active
404,663,Car,687459,11.28,2024-03-09,2029-03-08,11457.65,Closed
405,822,Car,652748,13.32,2018-10-05,2023-10-04,10879.13,Closed
406,897,Personal,475416,11.08,2023-09-07,2028-09-05,7923.6,Active
407,983,Mortgage,1224894,15.98,2019-08-21,2024-08-19,20414.9,Closed
408,480,Personal,90676,14.57,2018-09-03,2023-09-02,1511.27,Defaulted
409,626,Personal,696403,14.14,2022-03-01,2027-02-28,11606.72,Closed
410,961,Car,2201069,15.35,2023-03-01,2028-02-28,36684.48,Active
411,556,Personal,94691,16.61,2022-02-16,2027-02-15,1578.18,Closed
412,917,Car,3256273,16.31,2019-05-21,2024-05-19,54271.22,Active
413,550,Personal,133615,15.66,2023-10-07,2028-10-05,2226.92,Defaulted
414,721,Personal,680524,17.53,2018-10-03,2023-10-02,11342.07,Active
415,367,Mortgage,119070,16.0,2021-09-14,2026-09-13,1984.5,Active
416,156,Personal,186515,12.0,2020-12-30,2025-12-29,3108.58,Closed
417,530,Mortgage,71467,13.69,2019-01-17,2024-01-16,1191.12,Active
418,44,Personal,123389,11.31,2020-06-21,2025-06-20,2056.48,Defaulted
419,686,Personal,162703,13.93,2019-06-29,2024-06-27,2711.72,Defaulted
420,643,Personal,353071,13.99,2022-09-07,2027-09-06,5884.52,Closed
421,165,Personal,168946,11.0,2020-11-11,2025-11-10,2815.77,Active
422,204,Personal,37361,12.86,2019-11-01,2024-10-30,622.68,Closed
423,175,Personal,146527,14.28,2018-09-28,2023-09-27,2442.12,Active
424,421,Personal,63412,11.56,2023-07-15,2028-07-13,1056.87,Active
425,838,Mortgage,631932,16.1,2021-11-04,2026-11-03,10532.2,Closed
426,121,Car,117548,15.04,2023-04-05,2028-04-03,1959.13,Active
427,284,Mortgage,163635,15.65,2021-09-16,2026-09-15,2727.25,Active
428,988,Mortgage,3009178,15.77,2019-09-30,2024-09-28,50152.97,Closed
429,606,Mortgage,695310,16.45,2021-02-16,2026-02-15,11588.5,Active
430,313,Personal,84303,14.04,2020-07-15,2025-07-14,1405.05,Active
431,1,Mortgage,91352,13.1,2021-09-06,2026-09-05,1522.53,Defaulted
432,933,Personal,3837837,17.66,2022-07-16,2027-07-15,63963.95,Active
433,561,Personal,98732,16.77,2020-11-21,2025-11-20,1645.53,Closed
434,276,Personal,165493,17.17,2020-07-04,2025-07-03,2758.22,Defaulted
435,740,Personal,410820,17.48,2023-03-17,2028-03-15,6847.0,Closed
436,644,Car,680415,16.2,2022-01-26,2027-01-25,11340.25,Closed
437,361,Car,129914,13.09,2024-05-09,2029-05-08,2165.23,Active
438,350,Mortgage,83568,14.37,2019-10-28,2024-10-26,1392.8,Active
439,523,Car,193770,17.48,2018-09-29,2023-09-28,3229.5,Closed
440,887,Car,209667,16.71,2022-11-20,2027-11-19,3494.45,Closed
441,942,Car,1446115,17.85,2022-08-24,2027-08-23,24101.92,Active
442,80,Personal,107499,13.16,2022-02-26,2027-02-25,1791.65,Active
443,683,Car,660153,15.12,2023-07-08,2028-07-06,11002.55,Active
444,118,Personal,126251,13.01,2022-10-28,2027-10-27,2104.18,Active
445,797,Personal,322904,15.19,2021-10-08,2026-10-07,5381.73,Closed
446,10,Personal,175568,11.7,2022-03-24,2027-03-23,2926.13,Active
447,607,Personal,236308,14.78,2018-02-04,2023-02-03,3938.47,Closed
448,287,Mortgage,149144,15.54,2019-01-14,2024-01-13,2485.73,Closed
449,798,Car,203852,12.24,2018-01-09,2023-01-08,3397.53,Active
450,407,Car,54991,15.75,2021-04-08,2026-04-07,916.52,Active
451,800,Personal,524604,11.28,2024-05-31,2029-05-30,8743.4,Active
452,164,Personal,101203,11.27,2021-09-14,2026-09-13,1686.72,Active
453,652,Mortgage,236345,11.0,2018-06-11,2023-06-10,3939.08,Closed
454,424,Car,70396,16.77,2019-11-28,2024-11-26,1173.27,Closed
455,449,Car,148544,15.15,2019-03-17,2024-03-15,2475.73,Closed
456,789,Personal,225165,11.45,2021-03-11,2026-03-10,3752.75,Active
457,229,Personal,178903,15.5,2020-11-30,2025-11-29,2981.72,Active
458,640,Car,689902,15.25,2019-01-29,2024-01-28,11498.37,Closed
459,510,Car,94369,16.97,2018-05-12,2023-05-11,1572.82,Active
460,28,Mortgage,194328,14.31,2019-10-29,2024-10-27,3238.8,Active
461,763,Mortgage,624489,13.14,2022-01-09,2027-01-08,10408.15,Active
462,379,Car,191308,16.65,2022-07-01,2027-06-30,3188.47,Closed
463,1000,Mortgage,1786186,13.29,2021-06-20,2026-06-19,29769.77,Active
464,709,Personal,402372,15.92,2023-03-05,2028-03-03,6706.2,Closed
465,468,Personal,29646,15.11,2018-11-22,2023-11-21,494.1,Defaulted
466,658,Personal,273436,17.99,2019-08-28,2024-08-26,4557.27,Active
467,552,Mortgage,53058,11.51,2019-09-04,2024-09-02,884.3,Active
468,231,Mortgage,107222,12.67,2021-08-03,2026-08-02,1787.03,Active
469,481,Car,146247,11.86,2022-11-19,2027-11-18,2437.45,Closed
470,811,Car,467242,15.59,2020-05-09,2025-05-08,7787.37,Active
471,679,Car,531901,12.34,2019-10-04,2024-10-02,8865.02,Active
472,972,Personal,1077056,16.89,2018-07-20,2023-07-19,17950.93,Active
473,939,Personal,1857727,16.69,2022-05-15,2027-05-14,30962.12,Closed
474,41,Mortgage,141504,17.04,2022-06-17,2027-06-16,2358.4,Active
475,743,Car,621452,16.22,2019-06-29,2024-06-27,10357.53,Closed
476,325,Mortgage,130716,17.08,2021-07-13,2026-07-12,2178.6,Defaulted
477,874,Personal,342898,17.68,2018-01-31,2023-01-30,5714.97,Active
478,375,Car,128999,17.13,2019-01-17,2024-01-16,2149.98,Closed
479,581,Personal,107701,17.19,2019-08-30,2024-08-28,1795.02,Active
480,334,Mortgage,82920,14.47,2023-10-02,2028-09-30,1382.0,Defaulted
481,598,Mortgage,92839,12.26,2020-04-08,2025-04-07,1547.32,Closed
482,821,Mortgage,190316,13.53,2018-02-07,2023-02-06,3171.93,Closed
483,298,Car,109905,11.02,2022-03-08,2027-03-07,1831.75,Active
484,542,Personal,146562,12.48,2023-08-15,2028-08-13,2442.7,Active
485,478,Car,107167,14.72,2023-08-31,2028-08-29,1786.12,Active
486,240,Mortgage,158604,17.49,2024-08-15,2029-08-14,2643.4,Active
487,100,Mortgage,71553,16.6,2022-11-17,2027-11-16,1192.55,Active
488,8,Mortgage,139263,13.03,2024-08-17,2029-08-16,2321.05,Active
489,282,Car,139652,13.33,2018-07-02,2023-07-01,2327.53,Active
490,355,Mortgage,126780,17.76,2024-08-10,2029-08-09,2113.0,Active
491,806,Car,215848,17.5,2023-04-28,2028-04-26,3597.47,Closed
492,869,Mortgage,392163,12.56,2021-07-14,2026-07-13,6536.05,Active
493,650,Mortgage,427558,16.97,2021-05-14,2026-05-13,7125.97,Active
494,764,Car,390619,13.76,2024-07-01,2029-06-30,6510.32,Active
495,18,Personal,21123,11.28,2023-12-14,2028-12-12,352.05,Active
496,237,Car,137768,11.02,2020-09-05,2025-09-04,2296.13,Defaulted
497,948,Car,1000335,14.75,2018-11-08,2023-11-07,16672.25,Active
498,981,Personal,3092379,14.51,2022-09-04,2027-09-03,51539.65,Closed
499,125,Mortgage,187777,15.64,2021-06-08,2026-06-07,3129.62,Defaulted
500,246,Personal,150190,14.74,2024-07-04,2029-07-03,2503.17,Closed
501,186,Personal,164797,16.99,2021-03-23,2026-03-22,2746.62,Closed
502,371,Mortgage,121980,13.3,2024-04-15,2029-04-14,2033.0,Closed
503,731,Mortgage,359984,14.01,2018-02-28,2023-02-27,5999.73,Defaulted
504,736,Car,494745,11.14,2020-10-02,2025-10-01,8245.75,Active
505,723,Personal,286186,15.6,2020-11-23,2025-11-22,4769.77,Active
506,761,Personal,419581,17.34,2022-08-30,2027-08-29,6993.02,Active
507,911,Car,1656029,11.68,2019-11-03,2024-11-01,27600.48,Active
508,418,Mortgage,95701,15.84,2021-06-21,2026-06-20,1595.02,Active
509,713,Personal,221921,17.11,2018-11-09,2023-11-08,3698.68,Active
510,66,Personal,20872,16.45,2020-09-08,2025-09-07,347.87,Active
511,228,Personal,90792,16.35,2020-01-04,2025-01-02,1513.2,Active
512,354,Mortgage,108481,16.36,2019-05-13,2024-05-11,1808.02,Active
513,611,Personal,637899,14.37,2023-09-24,2028-09-22,10631.65,Active
514,965,Personal,3376837,13.49,2021-02-13,2026-02-12,56280.62,Active
515,420,Personal,44125,13.72,2021-12-17,2026-12-16,735.42,Active
516,940,Car,1593982,16.08,2024-02-12,2029-02-10,26566.37,Active
517,653,Personal,240622,12.02,2018-09-17,2023-09-16,4010.37,Closed
518,931,Mortgage,1472513,14.74,2023-11-09,2028-11-07,24541.88,Active
519,666,Personal,651943,13.38,2021-12-10,2026-12-09,10865.72,Active
520,404,Personal,122046,16.65,2022-11-07,2027-11-06,2034.1,Closed
521,24,Personal,125502,12.33,2020-05-19,2025-05-18,2091.7,Active
522,941,Mortgage,3473823,16.23,2023-06-04,2028-06-02,57897.05,Active
523,795,Mortgage,220150,17.54,2020-07-17,2025-07-16,3669.17,Closed
524,755,Car,668389,13.71,2024-04-02,2029-04-01,11139.82,Closed
525,207,Personal,188434,17.3,2022-02-19,2027-02-18,3140.57,Active
526,93,Personal,29536,11.03,2023-01-30,2028-01-29,492.27,Active
527,445,Mortgage,113171,17.54,2018-03-12,2023-03-11,1886.18,Defaulted
528,35,Car,190057,16.25,2021-10-19,2026-10-18,3167.62,Active
529,59,Car,21949,11.6,2021-07-14,2026-07-13,365.82,Active
530,312,Mortgage,45159,14.93,2024-09-01,2029-08-31,752.65,Closed
531,352,Personal,50538,14.31,2024-08-25,2029-08-24,842.3,Active
532,307,Mortgage,165119,16.33,2024-03-09,2029-03-08,2751.98,Active
533,973,Mortgage,1302280,13.22,2018-05-14,2023-05-13,21704.67,Active
534,630,Car,477216,13.05,2024-01-09,2029-01-07,7953.6,Closed
535,728,Car,261751,15.65,2018-08-13,2023-08-12,4362.52,Active
536,908,Car,1374281,17.99,2020-11-23,2025-11-22,22904.68,Closed
537,574,Car,93575,17.87,2021-10-24,2026-10-23,1559.58,Active
538,842,Car,531456,13.16,2018-11-04,2023-11-03,8857.6,Active
539,596,Personal,98596,11.18,2022-07-25,2027-07-24,1643.27,Active
540,790,Personal,449006,15.98,2021-09-04,2026-09-03,7483.43,Closed
541,639,Mortgage,294100,15.2,2023-11-21,2028-11-19,4901.67,Active
542,87,Personal,46246,11.67,2022-01-24,2027-01-23,770.77,Active
543,999,Car,1908134,17.22,2021-09-29,2026-09-28,31802.23,Closed
544,14,Personal,67872,15.08,2024-06-18,2029-06-17,1131.2,Active
545,127,Personal,40667,12.94,2020-08-06,2025-08-05,677.78,Defaulted
546,515,Personal,164233,16.68,2024-01-27,2029-01-25,2737.22,Active
547,410,Mortgage,163900,14.82,2024-06-22,2029-06-21,2731.67,Closed
548,656,Car,461999,16.27,2019-02-16,2024-02-15,7699.98,Active
549,314,Car,30679,11.65,2021-07-01,2026-06-30,511.32,Defaulted
550,390,Mortgage,107363,11.36,2021-01-07,2026-01-06,1789.38,Active
551,636,Mortgage,222087,11.03,2019-01-22,2024-01-21,3701.45,Active
552,559,Car,145036,16.67,2018-06-24,2023-06-23,2417.27,Active
553,980,Personal,2502839,12.85,2024-01-29,2029-01-27,41713.98,Active
554,677,Car,409602,12.18,2018-12-02,2023-12-01,6826.7,Active
555,383,Mortgage,189996,17.07,2024-05-19,2029-05-18,3166.6,Defaulted
556,783,Personal,167663,16.1,2023-04-11,2028-04-09,2794.38,Active
557,111,Mortgage,53203,17.7,2019-11-25,2024-11-23,886.72,Closed
558,560,Personal,198899,17.93,2023-09-19,2028-09-17,3314.98,Active
559,648,Car,155543,15.04,2023-11-13,2028-11-11,2592.38,Closed
560,771,Mortgage,346660,12.67,2023-07-11,2028-07-09,5777.67,Active
561,264,Mortgage,132649,15.67,2020-05-14,2025-05-13,2210.82,Active
562,370,Car,70455,13.41,2023-12-02,2028-11-30,1174.25,Closed
563,590,Car,126042,17.38,2024-08-16,2029-08-15,2100.7,Defaulted
564,904,Personal,2006545,15.31,2021-01-08,2026-01-07,33442.42,Active
565,714,Car,280703,15.54,2022-09-18,2027-09-17,4678.38,Active
566,886,Personal,671852,13.84,2018-01-06,2023-01-05,11197.53,Active
567,73,Mortgage,70112,11.9,2020-11-02,2025-11-01,1168.53,Defaulted
568,9,Personal,68328,17.77,2024-07-04,2029-07-03,1138.8,Active
569,317,Mortgage,85216,11.28,2019-06-27,2024-06-25,1420.27,Active
570,305,Mortgage,85534,11.51,2018-07-10,2023-07-09,1425.57,Defaulted
571,428,Personal,123473,12.94,2019-06-29,2024-06-27,2057.88,Active
572,106,Personal,49520,15.56,2024-06-11,2029-06-10,825.33,Active
573,143,Car,49038,11.75,2018-02-26,2023-02-25,817.3,Active
574,122,Personal,74089,12.03,2023-01-06,2028-01-05,1234.82,Defaulted
575,90,Car,189859,13.28,2019-05-20,2024-05-18,3164.32,Active
576,599,Mortgage,127774,14.63,2022-04-01,2027-03-31,2129.57,Active
577,194,Mortgage,92106,12.41,2022-12-22,2027-12-21,1535.1,Active
578,103,Personal,186474,13.72,2019-08-21,2024-08-19,3107.9,Active
579,116,Car,69283,14.42,2020-09-21,2025-09-20,1154.72,Active
580,225,Personal,91800,12.76,2022-11-27,2027-11-26,1530.0,Active
581,2,Personal,133585,11.43,2023-03-14,2028-03-12,2226.42,Active
582,694,Mortgage,212487,13.02,2023-02-23,2028-02-22,3541.45,Active
583,756,Car,583485,11.98,2019-03-29,2024-03-27,9724.75,Active
584,966,Car,1971586,16.38,2019-12-27,2024-12-25,32859.77,Active
585,843,Personal,646221,15.11,2023-12-10,2028-12-08,10770.35,Closed
586,792,Mortgage,514739,12.57,2021-05-26,2026-05-25,8578.98,Active
587,720,Car,360684,17.74,2021-02-02,2026-02-01,6011.4,Closed
588,588,Car,90684,12.54,2019-10-20,2024-10-18,1511.4,Closed
589,836,Personal,289970,15.52,2018-03-12,2023-03-11,4832.83,Active
590,553,Mortgage,120815,14.57,2020-06-15,2025-06-14,2013.58,Active
591,88,Car,57930,16.05,2019-03-26,2024-03-24,965.5,Active
592,214,Mortgage,156846,11.69,2020-11-09,2025-11-08,2614.1,Active
593,392,Car,192567,16.22,2023-10-17,2028-10-15,3209.45,Active
594,425,Mortgage,25321,17.7,2018-09-15,2023-09-14,422.02,Active
595,102,Car,48080,12.76,2020-09-15,2025-09-14,801.33,Active
596,829,Mortgage,406161,15.02,2024-03-27,2029-03-26,6769.35,Closed
597,855,Mortgage,341834,11.02,2023-07-29,2028-07-27,5697.23,Active
598,544,Mortgage,25130,16.39,2021-09-02,2026-09-01,418.83,Closed
599,166,Car,130028,11.01,2024-05-15,2029-05-14,2167.13,Active
600,495,Personal,70703,16.13,2020-02-07,2025-02-05,1178.38,Closed
